Base Price,Quantity,Name,Supplier,Image URL,Reference,Category
49.00,9999,Jak zdać maturę z matematyki? Kurs video. Kompleksowe przygotowanie do matury. Poziom podstawowy,Denis Aleksa,https://static01.helion.com.pl/global/okladki/145x218/vkmama.png,"https://helion.pl/ksiazki/jak-zdac-mature-z-matematyki-kurs-video-kompleksowe-przygotowanie-do-matury-poziom-podstawowy-denis-aleksa,vkmama.htm#format/w"," Podręczniki szkolne "
9.00,9999,"Funkcja wykładnicza, logarytmy i ciągi. Jak zdać maturę z matematyki? Kurs video. Poziom podstawowy",Denis Aleksa,https://static01.helion.com.pl/global/okladki/145x218/vjakpf.png,"https://helion.pl/ksiazki/funkcja-wykladnicza-logarytmy-i-ciagi-jak-zdac-mature-z-matematyki-kurs-video-poziom-podstawowy-denis-aleksa,vjakpf.htm#format/w"," Podręczniki szkolne "
9.00,9999,Planimetria i geometria analityczna. Jak zdać maturę z matematyki? Kurs video. Poziom podstawowy,Denis Aleksa,https://static01.helion.com.pl/global/okladki/145x218/vjakpp.png,"https://helion.pl/ksiazki/planimetria-i-geometria-analityczna-jak-zdac-mature-z-matematyki-kurs-video-poziom-podstawowy-denis-aleksa,vjakpp.htm#format/w"," Podręczniki szkolne "
9.00,9999,Prawdopodobieństwo i statystyka. Jak zdać maturę z matematyki? Kurs video. Poziom podstawowy,Denis Aleksa,https://static01.helion.com.pl/global/okladki/145x218/vjakps.png,"https://helion.pl/ksiazki/prawdopodobienstwo-i-statystyka-jak-zdac-mature-z-matematyki-kurs-video-poziom-podstawowy-denis-aleksa,vjakps.htm#format/w"," Podręczniki szkolne "
9.00,9999,Pojęcie funkcji i funkcja liniowa. Jak zdać maturę z matematyki? Kurs video. Poziom podstawowy,Denis Aleksa,https://static01.helion.com.pl/global/okladki/145x218/vjakpo.png,"https://helion.pl/ksiazki/pojecie-funkcji-i-funkcja-liniowa-jak-zdac-mature-z-matematyki-kurs-video-poziom-podstawowy-denis-aleksa,vjakpo.htm#format/w"," Podręczniki szkolne "
9.00,9999,"Liczby rzeczywiste, logika i zbiory. Jak zdać maturę z matematyki? Kurs video. Poziom podstawowy",Denis Aleksa,https://static01.helion.com.pl/global/okladki/145x218/vjakpl.png,"https://helion.pl/ksiazki/liczby-rzeczywiste-logika-i-zbiory-jak-zdac-mature-z-matematyki-kurs-video-poziom-podstawowy-denis-aleksa,vjakpl.htm#format/w"," Podręczniki szkolne "
9.00,9999,Trygonometria. Jak zdać maturę z matematyki? Kurs video. Poziom podstawowy,Denis Aleksa,https://static01.helion.com.pl/global/okladki/145x218/vjakpt.png,"https://helion.pl/ksiazki/trygonometria-jak-zdac-mature-z-matematyki-kurs-video-poziom-podstawowy-denis-aleksa,vjakpt.htm#format/w"," Podręczniki szkolne "
9.00,9999,Funkcja kwadratowa i funkcja wymierna. Jak zdać maturę z matematyki? Kurs video. Poziom podstawowy,Denis Aleksa,https://static01.helion.com.pl/global/okladki/145x218/vjakzd.png,"https://helion.pl/ksiazki/funkcja-kwadratowa-i-funkcja-wymierna-jak-zdac-mature-z-matematyki-kurs-video-poziom-podstawowy-denis-aleksa,vjakzd.htm#format/w"," Podręczniki szkolne "
9.00,9999,Stereometria. Jak zdać maturę z matematyki? Kurs video. Poziom podstawowy,Denis Aleksa,https://static01.helion.com.pl/global/okladki/145x218/vjapst.png,"https://helion.pl/ksiazki/stereometria-jak-zdac-mature-z-matematyki-kurs-video-poziom-podstawowy-denis-aleksa,vjapst.htm#format/w"," Podręczniki szkolne "
48.95,9999,"Algorytmy i struktury danych. Kurs video. Java, JavaScript, Python",Artur Kulesza,https://static01.helion.com.pl/global/okladki/145x218/valgor.png,"https://helion.pl/ksiazki/algorytmy-i-struktury-danych-kurs-video-java-javascript-python-artur-kulesza,valgor.htm#format/w"," Programowanie ; Technologie webowe "
129.00,9999,Data Science w Pythonie. Kurs video. Algorytmy uczenia maszynowego,Oleg Żero,https://static01.helion.com.pl/global/okladki/145x218/vdascp.png,"https://helion.pl/ksiazki/data-science-w-pythonie-kurs-video-algorytmy-uczenia-maszynowego-oleg-zero,vdascp.htm#format/w"," Programowanie ; Bazy danych ; Big Data ; Uczenie maszynowe "
19.00,9999,Python dla dzieci i młodzieży. Kurs video. Jak uczyć się programowania - pierwsze kroki,Zofia Matusiewicz,https://static01.helion.com.pl/global/okladki/145x218/vpytsz.png,"https://helion.pl/ksiazki/python-dla-dzieci-i-mlodziezy-kurs-video-jak-uczyc-sie-programowania-pierwsze-kroki-zofia-matusiewicz,vpytsz.htm#format/w"," Programowanie ; Technologia dla dzieci "
129.00,9999,Receptura na Python. Kurs Video. 54 praktyczne porady dla programistów,Karol Kurek,https://static01.helion.com.pl/global/okladki/145x218/v50ppu.png,"https://helion.pl/ksiazki/receptura-na-python-kurs-video-54-praktyczne-porady-dla-programistow-karol-kurek,v50ppu.htm#format/w"," Programowanie "
29.00,9999,Język C#. Kurs video. Poziom pierwszy. Programowanie dla początkujących,Anna Kempa,https://static01.helion.com.pl/global/okladki/145x218/vjcku1.png,"https://helion.pl/ksiazki/jezyk-c-kurs-video-poziom-pierwszy-programowanie-dla-poczatkujacych-anna-kempa,vjcku1.htm#format/w"," Programowanie "
89.00,9999,Podstawy Pythona z Minecraftem. Kurs video. Piszemy pierwsze skrypty,Tomasz Kaniecki,https://static01.helion.com.pl/global/okladki/145x218/vpypmi.png,"https://helion.pl/ksiazki/podstawy-pythona-z-minecraftem-kurs-video-piszemy-pierwsze-skrypty-tomasz-kaniecki,vpypmi.htm#format/w"," Programowanie ; Gry "
29.00,9999,Git. Kurs video. Pracuj wygodnie z najpopularniejszym systemem kontroli wersji,Marcin Biegała,https://static01.helion.com.pl/global/okladki/145x218/vgitv.png,"https://helion.pl/ksiazki/git-kurs-video-pracuj-wygodnie-z-najpopularniejszym-systemem-kontroli-wersji-marcin-biegala,vgitv.htm#format/w"," Programowanie "
89.00,9999,C#. Kurs video. Zacznij programować obiektowo!,Marcin Szeliga,https://static01.helion.com.pl/global/okladki/145x218/vtprob.png,"https://helion.pl/ksiazki/c-kurs-video-zacznij-programowac-obiektowo-marcin-szeliga,vtprob.htm#format/w"," Programowanie "
89.00,9999,Data Science w Pythonie. Kurs video. Przetwarzanie i analiza danych,Oleg Żero,https://static01.helion.com.pl/global/okladki/145x218/vpyton.png,"https://helion.pl/ksiazki/data-science-w-pythonie-kurs-video-przetwarzanie-i-analiza-danych-oleg-zero,vpyton.htm#format/w"," Programowanie ; Bazy danych ; Big Data ; Uczenie maszynowe "
129.00,9999,Microsoft Azure. Kurs video. Zostań administratorem systemów IT,Piotr Tenyszyn,https://static01.helion.com.pl/global/okladki/145x218/vmsazu.png,"https://helion.pl/ksiazki/microsoft-azure-kurs-video-zostan-administratorem-systemow-it-piotr-tenyszyn,vmsazu.htm#format/w"," Programowanie ; Bazy danych "
89.00,9999,"Testy E2E. Kurs video. Protractor, Cypress, Cucumber",Dawid Perdek,https://static01.helion.com.pl/global/okladki/145x218/vrodop.png,"https://helion.pl/ksiazki/testy-e2e-kurs-video-protractor-cypress-cucumber-dawid-perdek,vrodop.htm#format/w"," Programowanie "
29.00,9999,Python 3. Kurs video. Praktyczne wprowadzenie do programowania,Adam Bobowski,https://static01.helion.com.pl/global/okladki/145x218/vpytod.png,"https://helion.pl/ksiazki/python-3-kurs-video-praktyczne-wprowadzenie-do-programowania-adam-bobowski,vpytod.htm#format/w"," Programowanie "
62.10,9999,Python. Kurs video. Poziom pierwszy. Podstawy programowania i tworzenia aplikacji,Joanna Zatorska,https://static01.helion.com.pl/global/okladki/145x218/vpytho.png,"https://helion.pl/ksiazki/python-kurs-video-poziom-pierwszy-podstawy-programowania-i-tworzenia-aplikacji-joanna-zatorska,vpytho.htm#format/w"," Programowanie "
129.00,9999,Machine Learning i język Python. Kurs video. Praktyczne wykorzystanie popularnych bibliotek,Piotr Szajowski,https://static01.helion.com.pl/global/okladki/145x218/vprwyp.png,"https://helion.pl/ksiazki/machine-learning-i-jezyk-python-kurs-video-praktyczne-wykorzystanie-popularnych-bibliotek-piotr-szajowski,vprwyp.htm#format/w"," Programowanie ; Uczenie maszynowe "
62.10,9999,Testy automatyczne kodu Python. Kurs video. Pisanie testów jednostkowych od podstaw,Jakub Wasielak,https://static01.helion.com.pl/global/okladki/145x218/vteskp.png,"https://helion.pl/ksiazki/testy-automatyczne-kodu-python-kurs-video-pisanie-testow-jednostkowych-od-podstaw-jakub-wasielak,vteskp.htm#format/w"," Programowanie "
49.00,9999,Python. Kurs video. Programowanie asynchroniczne,Karol Kurek,https://static01.helion.com.pl/global/okladki/145x218/vprasp.png,"https://helion.pl/ksiazki/python-kurs-video-programowanie-asynchroniczne-karol-kurek,vprasp.htm#format/w"," Programowanie "
62.10,9999,Poradnik hakera. Kurs video. Inżynieria odwrotna i modyfikacja programów komputerowych,Marcin Gomulak,https://static01.helion.com.pl/global/okladki/145x218/vpohak.png,"https://helion.pl/ksiazki/poradnik-hakera-kurs-video-inzynieria-odwrotna-i-modyfikacja-programow-komputerowych-marcin-gomulak,vpohak.htm#format/w"," Programowanie ; Hacking "
71.10,9999,Język C. Kurs video. Praktyczne wprowadzenie do programowania,Adam Bobowski,https://static01.helion.com.pl/global/okladki/145x218/vprojc.png,"https://helion.pl/ksiazki/jezyk-c-kurs-video-praktyczne-wprowadzenie-do-programowania-adam-bobowski,vprojc.htm#format/w"," Programowanie "
62.10,9999,Programowanie asynchroniczne i równoległe w C#. Kurs video. Poziom podstawowy,Jarosław Porwoł,https://static01.helion.com.pl/global/okladki/145x218/vasynp.png,"https://helion.pl/ksiazki/programowanie-asynchroniczne-i-rownolegle-w-c-kurs-video-poziom-podstawowy-jaroslaw-porwol,vasynp.htm#format/w"," Programowanie "
62.10,9999,Wyrażenia regularne w Pythonie. Kurs video. Kompletne vademecum,Karol Kurek,https://static01.helion.com.pl/global/okladki/145x218/vwyrep.png,"https://helion.pl/ksiazki/wyrazenia-regularne-w-pythonie-kurs-video-kompletne-vademecum-karol-kurek,vwyrep.htm#format/w"," Programowanie "
29.00,9999,Keras w praktyce. Kurs video. Tworzenie modeli uczenia głębokiego,Radosław Słowiński,https://static01.helion.com.pl/global/okladki/145x218/vwdeel.png,"https://helion.pl/ksiazki/keras-w-praktyce-kurs-video-tworzenie-modeli-uczenia-glebokiego-radoslaw-slowinski,vwdeel.htm#format/w"," Programowanie "
49.00,9999,Python 3. Kurs video. Kompendium efektywnego Pythonisty,Bartosz Zaczyński,https://static01.helion.com.pl/global/okladki/145x218/vpytpz.png,"https://helion.pl/ksiazki/python-3-kurs-video-kompendium-efektywnego-pythonisty-bartosz-zaczynski,vpytpz.htm#format/w"," Programowanie "
129.00,9999,Twórz gry w Pythonie. Kurs video. Poznaj bibliotekę PyGame,Karol Kurek,https://static01.helion.com.pl/global/okladki/145x218/vpigry.png,"https://helion.pl/ksiazki/tworz-gry-w-pythonie-kurs-video-poznaj-biblioteke-pygame-karol-kurek,vpigry.htm#format/w"," Programowanie ; Gry "
89.00,9999,Docker. Kurs video. Zostań administratorem systemów IT,Piotr Tenyszyn,https://static01.helion.com.pl/global/okladki/145x218/vdockv.png,"https://helion.pl/ksiazki/docker-kurs-video-zostan-administratorem-systemow-it-piotr-tenyszyn,vdockv.htm#format/w"," Programowanie "
129.00,9999,Java Full Stack Developer. Kurs video. Tworzenie aplikacji internetowych od podstaw,Marcin Berendt,https://static01.helion.com.pl/global/okladki/145x218/vjavfu.png,"https://helion.pl/ksiazki/java-full-stack-developer-kurs-video-tworzenie-aplikacji-internetowych-od-podstaw-marcin-berendt,vjavfu.htm#format/w"," Programowanie "
19.00,9999,ASP.NET Core. Kurs video. Tworzenie REST Web API,Jakub Kozera,https://static01.helion.com.pl/global/okladki/145x218/vtwres.png,"https://helion.pl/ksiazki/asp-net-core-kurs-video-tworzenie-rest-web-api-jakub-kozera,vtwres.htm#format/w"," Programowanie ; Technologie webowe "
71.10,9999,Python. Kurs video. Kreacyjne i strukturalne wzorce projektowe,Karol Kurek,https://static01.helion.com.pl/global/okladki/145x218/vwzpyt.png,"https://helion.pl/ksiazki/python-kurs-video-kreacyjne-i-strukturalne-wzorce-projektowe-karol-kurek,vwzpyt.htm#format/w"," Programowanie "
89.00,9999,Konwolucyjne sieci neuronowe. Kurs video. Tensorflow i Keras w rozpoznawaniu obrazów,Kacper Łukawski,https://static01.helion.com.pl/global/okladki/145x218/vmales.png,"https://helion.pl/ksiazki/konwolucyjne-sieci-neuronowe-kurs-video-tensorflow-i-keras-w-rozpoznawaniu-obrazow-kacper-lukawski,vmales.htm#format/w"," Programowanie ; Uczenie maszynowe "
49.00,9999,Praktyczny kurs programowania C# w Unity. Kurs video. Poziom podstawowy,Arkadiusz Brzegowy,https://static01.helion.com.pl/global/okladki/145x218/vjcpru.png,"https://helion.pl/ksiazki/praktyczny-kurs-programowania-c-w-unity-kurs-video-poziom-podstawowy-arkadiusz-brzegowy,vjcpru.htm#format/w"," Programowanie ; Gry "
39.60,9999,OpenShift. Kurs video. Zostań administratorem systemów IT,Piotr Kośka,https://static01.helion.com.pl/global/okladki/145x218/vopskv.png,"https://helion.pl/ksiazki/openshift-kurs-video-zostan-administratorem-systemow-it-piotr-koska,vopskv.htm#format/w"," Programowanie ; Systemy operacyjne "
58.05,9999,Ansible. Kurs video. Automatyzacja w IT od podstaw,Piotr Kośka,https://static01.helion.com.pl/global/okladki/145x218/vansib.png,"https://helion.pl/ksiazki/ansible-kurs-video-automatyzacja-w-it-od-podstaw-piotr-koska,vansib.htm#format/w"," Programowanie ; Systemy operacyjne "
71.10,9999,Matematyka a programowanie. Kurs video. Od pojęcia liczby po płaszczyznę zespoloną w Pythonie,Karol Kurek,https://static01.helion.com.pl/global/okladki/145x218/vodmat.png,"https://helion.pl/ksiazki/matematyka-a-programowanie-kurs-video-od-pojecia-liczby-po-plaszczyzne-zespolona-w-pythonie-karol-kurek,vodmat.htm#format/w"," Programowanie ; Matematyka "
29.00,9999,Java 8. Programowanie obiektowe. Kurs video. Poziom pierwszy,Michał Szczepanik,https://static01.helion.com.pl/global/okladki/145x218/vjav81.png,"https://helion.pl/ksiazki/java-8-programowanie-obiektowe-kurs-video-poziom-pierwszy-michal-szczepanik,vjav81.htm#format/w"," Programowanie "
62.10,9999,Wzorce projektowe dla programistów C#. Kurs video,Jacek Matulewski,https://static01.helion.com.pl/global/okladki/145x218/vwzprp.png,"https://helion.pl/ksiazki/wzorce-projektowe-dla-programistow-c-kurs-video-jacek-matulewski,vwzprp.htm#format/w"," Programowanie "
89.00,9999,Git. Kurs video. Zaawansowane aspekty konfiguracji popularnego systemu kontroli wersji,Tomasz Trębski,https://static01.helion.com.pl/global/okladki/145x218/vkogiz.png,"https://helion.pl/ksiazki/git-kurs-video-zaawansowane-aspekty-konfiguracji-popularnego-systemu-kontroli-wersji-tomasz-trebski,vkogiz.htm#format/w"," Programowanie "
89.00,9999,Java dla średnio zaawansowanych. Kurs video. Tworzenie profesjonalnych projektów,Jakub Zagórski,https://static01.helion.com.pl/global/okladki/145x218/vjavsz.png,"https://helion.pl/ksiazki/java-dla-srednio-zaawansowanych-kurs-video-tworzenie-profesjonalnych-projektow-jakub-zagorski,vjavsz.htm#format/w"," Programowanie "
29.00,9999,Java. Kurs video. Poziom drugi. Programowanie funkcyjne i współbieżne,Michał Szczepanik,https://static01.helion.com.pl/global/okladki/145x218/vjavse.png,"https://helion.pl/ksiazki/java-kurs-video-poziom-drugi-programowanie-funkcyjne-i-wspolbiezne-michal-szczepanik,vjavse.htm#format/w"," Programowanie "
89.00,9999,Programowanie z GO. Kurs video. Podstawy języka,Tomasz Kaniecki,https://static01.helion.com.pl/global/okladki/145x218/vjezgo.png,"https://helion.pl/ksiazki/programowanie-z-go-kurs-video-podstawy-jezyka-tomasz-kaniecki,vjezgo.htm#format/w"," Programowanie "
62.10,9999,ASP .NET Core. Kurs video. Rozwijanie dodatkowych funkcjonalności Web API,Jakub Kozera,https://static01.helion.com.pl/global/okladki/145x218/vaspnc.png,"https://helion.pl/ksiazki/asp-net-core-kurs-video-rozwijanie-dodatkowych-funkcjonalnosci-web-api-jakub-kozera,vaspnc.htm#format/w"," Programowanie ; Technologie webowe "
49.00,9999,Automatyzacja zadań w Pythonie. Kurs video,Karol Kurek,https://static01.helion.com.pl/global/okladki/145x218/vautpr.png,"https://helion.pl/ksiazki/automatyzacja-zadan-w-pythonie-kurs-video-karol-kurek,vautpr.htm#format/w"," Programowanie "
29.00,9999,Java. Kurs video. Poziom pierwszy. Podstawy tworzenia aplikacji,Paweł Pluta,https://static01.helion.com.pl/global/okladki/145x218/vjava1.png,"https://helion.pl/ksiazki/java-kurs-video-poziom-pierwszy-podstawy-tworzenia-aplikacji-pawel-pluta,vjava1.htm#format/w"," Programowanie "
29.00,9999,Python. Kurs video. Wzorce czynnościowe i architektoniczne oraz antywzorce,Karol Kurek,https://static01.helion.com.pl/global/okladki/145x218/vwzpro.png,"https://helion.pl/ksiazki/python-kurs-video-wzorce-czynnosciowe-i-architektoniczne-oraz-antywzorce-karol-kurek,vwzpro.htm#format/w"," Programowanie "
62.10,9999,Django. Kurs video. Tworzenie interaktywnych stron internetowych i aplikacji webowych,Roman Kierzkowski,https://static01.helion.com.pl/global/okladki/145x218/vdjapp.png,"https://helion.pl/ksiazki/django-kurs-video-tworzenie-interaktywnych-stron-internetowych-i-aplikacji-webowych-roman-kierzkowski,vdjapp.htm#format/w"," Programowanie ; Technologie webowe "
49.00,9999,Język C# w praktyce. Kurs video. Przetwarzanie danych zewnętrznych,Mariusz Postół,https://static01.helion.com.pl/global/okladki/145x218/vjcprv.png,"https://helion.pl/ksiazki/jezyk-c-w-praktyce-kurs-video-przetwarzanie-danych-zewnetrznych-mariusz-postol,vjcprv.htm#format/w"," Programowanie "
26.55,9999,JavaScript. Kurs video. Programowanie funkcyjne i reaktywne,Paweł Choniawko,https://static01.helion.com.pl/global/okladki/145x218/vpfrjs.png,"https://helion.pl/ksiazki/javascript-kurs-video-programowanie-funkcyjne-i-reaktywne-pawel-choniawko,vpfrjs.htm#format/w"," Programowanie ; Technologie webowe "
29.00,9999,"Analiza danych w środowisku R. Kurs video. Poziom pierwszy. Manipulacja, modelowanie i wizualizacja danych w praktyce",Alicja Wolny-Dominiak,https://static01.helion.com.pl/global/okladki/145x218/vnozar.png,"https://helion.pl/ksiazki/analiza-danych-w-srodowisku-r-kurs-video-poziom-pierwszy-manipulacja-modelowanie-i-wizualizacja-d-alicja-wolny-dominiak,vnozar.htm#format/w"," Programowanie ; Big Data "
29.00,9999,Zostań programistą. Kurs video. Fundamentalne zasady i koncepcje programistyczne,Przemysław Starosta,https://static01.helion.com.pl/global/okladki/145x218/vzopro.png,"https://helion.pl/ksiazki/zostan-programista-kurs-video-fundamentalne-zasady-i-koncepcje-programistyczne-przemyslaw-starosta,vzopro.htm#format/w"," Programowanie "
89.00,9999,Google Cloud. Kurs video. Zostań administratorem systemów IT,Piotr Tenyszyn,https://static01.helion.com.pl/global/okladki/145x218/vgoclo.png,"https://helion.pl/ksiazki/google-cloud-kurs-video-zostan-administratorem-systemow-it-piotr-tenyszyn,vgoclo.htm#format/w"," Programowanie "
62.10,9999,Programowanie w C#. Poziom drugi. Kurs video. Zaawansowane techniki,Przemysław Starosta,https://static01.helion.com.pl/global/okladki/145x218/vproc2.png,"https://helion.pl/ksiazki/programowanie-w-c-poziom-drugi-kurs-video-zaawansowane-techniki-przemyslaw-starosta,vproc2.htm#format/w"," Programowanie "
44.50,9999,Frontend Developer. Kurs video. Testowanie kodu w JavaScript,Radosław Madecki,https://static01.helion.com.pl/global/okladki/145x218/vfrdev.png,"https://helion.pl/ksiazki/frontend-developer-kurs-video-testowanie-kodu-w-javascript-radoslaw-madecki,vfrdev.htm#format/w"," Programowanie ; Technologie webowe "
29.00,9999,Język UML. Kurs video. Poziom pierwszy. Modelowanie systemów informatycznych,Marcin Albiniak,https://static01.helion.com.pl/global/okladki/145x218/vumlkv.png,"https://helion.pl/ksiazki/jezyk-uml-kurs-video-poziom-pierwszy-modelowanie-systemow-informatycznych-marcin-albiniak,vumlkv.htm#format/w"," Programowanie "
71.10,9999,Django REST framework. Kurs video. Praktyczne wprowadzenie do projektowania interfejsów REST API,Sebastian Opałczyński,https://static01.helion.com.pl/global/okladki/145x218/djrefr.png,"https://helion.pl/ksiazki/django-rest-framework-kurs-video-praktyczne-wprowadzenie-do-projektowania-interfejsow-rest-api-sebastian-opalczynski,djrefr.htm#format/w"," Programowanie ; Technologie webowe "
49.00,9999,"C++. Kurs video. Poziom pierwszy. Składnia, podstawowe elementy języka, programowanie proceduralne",Jarosław Baca,https://static01.helion.com.pl/global/okladki/145x218/vcppsk.png,"https://helion.pl/ksiazki/c-kurs-video-poziom-pierwszy-skladnia-podstawowe-elementy-jezyka-programowanie-proceduralne-jaroslaw-baca,vcppsk.htm#format/w"," Programowanie "
49.00,9999,Docker. Kurs video. Praca z systemem konteneryzacji i Docker Swarm,Adam Raźniewski,https://static01.helion.com.pl/global/okladki/145x218/vdocke.png,"https://helion.pl/ksiazki/docker-kurs-video-praca-z-systemem-konteneryzacji-i-docker-swarm-adam-razniewski,vdocke.htm#format/w"," Programowanie "
71.10,9999,"Testowanie oprogramowania w .NET Core 2.0. Kurs video. Poziom pierwszy. Jak pisać dobry, niezawodny i łatwy w utrzymaniu kod",Marcin Szyszka,https://static01.helion.com.pl/global/okladki/145x218/vwdtnp.png,"https://helion.pl/ksiazki/testowanie-oprogramowania-w-net-core-2-0-kurs-video-poziom-pierwszy-jak-pisac-dobry-niezawodny-i-marcin-szyszka,vwdtnp.htm#format/w"," Programowanie "
129.00,9999,Sterowniki Siemens. Kurs video. Programowanie PLC w praktyce,Tomasz Gilewski,https://static01.helion.com.pl/global/okladki/145x218/vsteps.png,"https://helion.pl/ksiazki/sterowniki-siemens-kurs-video-programowanie-plc-w-praktyce-tomasz-gilewski,vsteps.htm#format/w"," Programowanie "
49.00,9999,C++. Kurs video. Poziom drugi. Programowanie obiektowe. Pisanie własnych klas,Jarosław Baca,https://static01.helion.com.pl/global/okladki/145x218/vcpp2v.png,"https://helion.pl/ksiazki/c-kurs-video-poziom-drugi-programowanie-obiektowe-pisanie-wlasnych-klas-jaroslaw-baca,vcpp2v.htm#format/w"," Programowanie "
29.00,9999,Programowanie w Ruby. Poziom drugi. Kurs video. Zaawansowane techniki,Jacek Galanciak,https://static01.helion.com.pl/global/okladki/145x218/vprub2.png,"https://helion.pl/ksiazki/programowanie-w-ruby-poziom-drugi-kurs-video-zaawansowane-techniki-jacek-galanciak,vprub2.htm#format/w"," Programowanie "
62.10,9999,JUnit - testy jednostkowe. Kurs video. Automatyzacja procesu testowania w Javie,Zofia Matusiewicz,https://static01.helion.com.pl/global/okladki/145x218/vjunte.png,"https://helion.pl/ksiazki/junit-testy-jednostkowe-kurs-video-automatyzacja-procesu-testowania-w-javie-zofia-matusiewicz,vjunte.htm#format/w"," Programowanie "
89.00,9999,Java. Kurs video. Zaawansowane elementy języka,Arkadiusz Wrzos,https://static01.helion.com.pl/global/okladki/145x218/vjavza.png,"https://helion.pl/ksiazki/java-kurs-video-zaawansowane-elementy-jezyka-arkadiusz-wrzos,vjavza.htm#format/w"," Programowanie "
62.10,9999,Ruby. Kurs video. Poziom pierwszy. Podstawy języka i praktyczne przykłady,Jacek Galanciak,https://static01.helion.com.pl/global/okladki/145x218/vruby.png,"https://helion.pl/ksiazki/ruby-kurs-video-poziom-pierwszy-podstawy-jezyka-i-praktyczne-przyklady-jacek-galanciak,vruby.htm#format/w"," Programowanie "
129.00,9999,Amazon Web Services (AWS). Kurs video. Zostań administratorem systemów IT,Piotr Kośka,https://static01.helion.com.pl/global/okladki/145x218/vawses.png,"https://helion.pl/ksiazki/amazon-web-services-aws-kurs-video-zostan-administratorem-systemow-it-piotr-koska,vawses.htm#format/w"," Programowanie ; Technologie webowe ; Sieci komputerowe "
79.00,9999,Programowanie z Minecraft dla dzieci. Kurs video. Język Lua od podstaw,Urszula Wiejak,https://static01.helion.com.pl/global/okladki/145x218/vprmid.png,"https://helion.pl/ksiazki/programowanie-z-minecraft-dla-dzieci-kurs-video-jezyk-lua-od-podstaw-urszula-wiejak-adrian-wojciechowski,vprmid.htm#format/w"," Programowanie ; Gry ; Technologia dla dzieci "
22.05,9999,Testowanie aplikacji w React.js. Kurs video. Praca z biblioteką Jest.js,Krzysztof Komar,https://static01.helion.com.pl/global/okladki/145x218/vtesap.png,"https://helion.pl/ksiazki/testowanie-aplikacji-w-react-js-kurs-video-praca-z-biblioteka-jest-js-krzysztof-komar,vtesap.htm#format/w"," Programowanie ; Technologie webowe "
62.10,9999,Test Driven Development. Kurs video. Sztuka pisania niezawodnego kodu,Jarosław Porwoł,https://static01.helion.com.pl/global/okladki/145x218/vtedrd.png,"https://helion.pl/ksiazki/test-driven-development-kurs-video-sztuka-pisania-niezawodnego-kodu-jaroslaw-porwol,vtedrd.htm#format/w"," Programowanie "
49.00,9999,Podstawy programowania w Javie. Kurs video. Poziom pierwszy. Stwórz swoją pierwszą grę konsolową,Jakub Zagórski,https://static01.helion.com.pl/global/okladki/145x218/vnaprj.png,"https://helion.pl/ksiazki/podstawy-programowania-w-javie-kurs-video-poziom-pierwszy-stworz-swoja-pierwsza-gre-konsolowa-jakub-zagorski,vnaprj.htm#format/w"," Programowanie "
19.00,9999,Machine learning i język R. Kurs video. Pierwsze kroki z pakietem mlr,Mateusz Staniak,https://static01.helion.com.pl/global/okladki/145x218/vuczma.png,"https://helion.pl/ksiazki/machine-learning-i-jezyk-r-kurs-video-pierwsze-kroki-z-pakietem-mlr-mateusz-staniak,vuczma.htm#format/w"," Programowanie "
29.00,9999,Testowanie aplikacji mobilnych na platformę Android. Kurs video. Poziom pierwszy. Testy jednostkowe i UI,Michał Szczepanik,https://static01.helion.com.pl/global/okladki/145x218/vtesaa.png,"https://helion.pl/ksiazki/testowanie-aplikacji-mobilnych-na-platforme-android-kurs-video-poziom-pierwszy-testy-jednostkowe-i-michal-szczepanik,vtesaa.htm#format/w"," Programowanie ; Programowanie mobilne "
29.00,9999,Kotlin dla Android Developerów. Kurs video. Programowanie aplikacji,Michał Szczepanik,https://static01.helion.com.pl/global/okladki/145x218/vkotan.png,"https://helion.pl/ksiazki/kotlin-dla-android-developerow-kurs-video-programowanie-aplikacji-michal-szczepanik,vkotan.htm#format/w"," Programowanie "
29.00,9999,"Wyrażenia regularne. Kurs video. Poziom pierwszy. Proste wzorce, które odmienią Twoje życie",Jarosław Baca,https://static01.helion.com.pl/global/okladki/145x218/vwyrar.png,"https://helion.pl/ksiazki/wyrazenia-regularne-kurs-video-poziom-pierwszy-proste-wzorce-ktore-odmienia-twoje-zycie-jaroslaw-baca,vwyrar.htm#format/w"," Programowanie ; Aplikacje biurowe "
19.00,9999,Mały programista. Kurs video. Programowanie gier w Scratch 2.0,Agnieszka Borkowska,https://static01.helion.com.pl/global/okladki/145x218/vmapro.png,"https://helion.pl/ksiazki/maly-programista-kurs-video-programowanie-gier-w-scratch-2-0-agnieszka-borkowska,vmapro.htm#format/w"," Programowanie ; Technologia dla dzieci "
49.00,9999,Ruby on Rails (RoR). Kurs video. Programowanie aplikacji internetowych,Jacek Galanciak,https://static01.helion.com.pl/global/okladki/145x218/vrubra.png,"https://helion.pl/ksiazki/ruby-on-rails-ror-kurs-video-programowanie-aplikacji-internetowych-jacek-galanciak,vrubra.htm#format/w"," Programowanie "
89.00,9999,Amazon Web Services. Kurs video. Tworzenie aplikacji,Dawid Borycki,https://static01.helion.com.pl/global/okladki/145x218/vamweb.png,"https://helion.pl/ksiazki/amazon-web-services-kurs-video-tworzenie-aplikacji-dawid-borycki,vamweb.htm#format/w"," Programowanie ; Technologie webowe "
71.10,9999,ASP.NET MVC. Kurs video. Poziom pierwszy. Programowanie aplikacji internetowych,Marek Stabla,https://static01.helion.com.pl/global/okladki/145x218/aspnet.png,"https://helion.pl/ksiazki/asp-net-mvc-kurs-video-poziom-pierwszy-programowanie-aplikacji-internetowych-marek-stabla,aspnet.htm#format/w"," Programowanie ; Technologie webowe "
49.00,9999,Asynchroniczne REST API w Pythonie. Kurs video. Tworzenie aplikacji w aiohttp,Tomasz Trębski,https://static01.helion.com.pl/global/okladki/145x218/vaioht.png,"https://helion.pl/ksiazki/asynchroniczne-rest-api-w-pythonie-kurs-video-tworzenie-aplikacji-w-aiohttp-tomasz-trebski,vaioht.htm#format/w"," Programowanie "
29.00,9999,"Docker. Kurs video. Poziom drugi. Sieci, wolumeny i ustawienia daemona",Adam Raźniewski,https://static01.helion.com.pl/global/okladki/145x218/vdock2.png,"https://helion.pl/ksiazki/docker-kurs-video-poziom-drugi-sieci-wolumeny-i-ustawienia-daemona-adam-razniewski,vdock2.htm#format/w"," Programowanie "
29.00,9999,Android Studio. Kurs video. Narzędzia Android developera,Michał Szczepanik,https://static01.helion.com.pl/global/okladki/145x218/vpnand.png,"https://helion.pl/ksiazki/android-studio-kurs-video-narzedzia-android-developera-michal-szczepanik,vpnand.htm#format/w"," Programowanie ; Hardware ; Programowanie mobilne "
29.00,9999,Ruby on Rails. Kurs video. Wdrażanie (deployment) na własne serwery i chmurę,Jacek Galanciak,https://static01.helion.com.pl/global/okladki/145x218/vwaror.png,"https://helion.pl/ksiazki/ruby-on-rails-kurs-video-wdrazanie-deployment-na-wlasne-serwery-i-chmure-jacek-galanciak,vwaror.htm#format/w"," Programowanie "
69.30,9999,Platforma Xamarin. Kurs video. Poziom pierwszy. Tworzenie pierwszej aplikacji cross-platform,Daniel Krzyczkowski,https://static01.helion.com.pl/global/okladki/145x218/vplaxa.png,"https://helion.pl/ksiazki/platforma-xamarin-kurs-video-poziom-pierwszy-tworzenie-pierwszej-aplikacji-cross-platform-daniel-krzyczkowski,vplaxa.htm#format/w"," Programowanie "
29.00,9999,Technologia LINQ. Kurs video. Warsztat pracy z danymi z różnych źródeł,Przemysław Starosta,https://static01.helion.com.pl/global/okladki/145x218/vlinqk.png,"https://helion.pl/ksiazki/technologia-linq-kurs-video-warsztat-pracy-z-danymi-z-roznych-zrodel-przemyslaw-starosta,vlinqk.htm#format/w"," Programowanie "
29.00,9999,Język XAML. Kurs video. Poziom pierwszy. Programowanie aplikacji w WPF,Przemysław Starosta,https://static01.helion.com.pl/global/okladki/145x218/vjxam1.png,"https://helion.pl/ksiazki/jezyk-xaml-kurs-video-poziom-pierwszy-programowanie-aplikacji-w-wpf-przemyslaw-starosta,vjxam1.htm#format/w"," Programowanie "
29.00,9999,Spring. Kurs video. Poziom pierwszy. Prosty sposób na zaawansowane aplikacje,Dobromir Matusiewicz,https://static01.helion.com.pl/global/okladki/145x218/vsprku.png,"https://helion.pl/ksiazki/spring-kurs-video-poziom-pierwszy-prosty-sposob-na-zaawansowane-aplikacje-dobromir-matusiewicz,vsprku.htm#format/w"," Programowanie "
29.00,9999,Baltie. Kurs video. Poziom pierwszy. Elementarz programowania w języku wizualnym,Agnieszka Borkowska,https://static01.helion.com.pl/global/okladki/145x218/vbalti.png,"https://helion.pl/ksiazki/baltie-kurs-video-poziom-pierwszy-elementarz-programowania-w-jezyku-wizualnym-agnieszka-borkowska,vbalti.htm#format/w"," Programowanie ; Technologia dla dzieci "
17.15,9999,RxJava. Kurs video. Programowanie reaktywne,Michał Szczepanik,https://static01.helion.com.pl/global/okladki/145x218/vrxjpr.png,"https://helion.pl/ksiazki/rxjava-kurs-video-programowanie-reaktywne-michal-szczepanik,vrxjpr.htm#format/w"," Programowanie "
49.00,9999,Java na serwerze - kurs przetrwania.  Obóz drugi. Od serwletów do Spring Boota,Jarosław Ratajski,https://static01.helion.com.pl/global/okladki/145x218/vjava2.png,"https://helion.pl/ksiazki/java-na-serwerze-kurs-przetrwania-oboz-drugi-od-serwletow-do-spring-boota-jaroslaw-ratajski,vjava2.htm#format/w"," Programowanie ; Technologie webowe ; Bazy danych "
29.00,9999,Java RESTful API z wykorzystaniem Hibernate. Kurs video. Poziom pierwszy. Tworzenie panelu administracyjnego,Łukasz Dusza,https://static01.helion.com.pl/global/okladki/145x218/varapr.png,"https://helion.pl/ksiazki/java-restful-api-z-wykorzystaniem-hibernate-kurs-video-poziom-pierwszy-tworzenie-panelu-administra-lukasz-dusza,varapr.htm#format/w"," Programowanie "
49.00,9999,Java na serwerze - kurs przetrwania. Obóz pierwszy,Jarosław Ratajski,https://static01.helion.com.pl/global/okladki/145x218/vjavs1.png,"https://helion.pl/ksiazki/java-na-serwerze-kurs-przetrwania-oboz-pierwszy-jaroslaw-ratajski,vjavs1.htm#format/w"," Programowanie "
34.65,9999,Platforma Xamarin. Kurs video. Poziom drugi. Zaawansowane techniki tworzenia aplikacji cross-platform,Daniel Krzyczkowski,https://static01.helion.com.pl/global/okladki/145x218/vplax2.png,"https://helion.pl/ksiazki/platforma-xamarin-kurs-video-poziom-drugi-zaawansowane-techniki-tworzenia-aplikacji-cross-platform-daniel-krzyczkowski,vplax2.htm#format/w"," Programowanie ; Technologie webowe ; Programowanie mobilne "
29.00,9999,Spring Security. Kurs video. Skuteczne metody zabezpieczeń aplikacji,Dobromir Matusiewicz,https://static01.helion.com.pl/global/okladki/145x218/vsprse.png,"https://helion.pl/ksiazki/spring-security-kurs-video-skuteczne-metody-zabezpieczen-aplikacji-dobromir-matusiewicz,vsprse.htm#format/w"," Programowanie ; Hacking "
62.10,9999,Spring Web MVC. Kurs video. Programowanie aplikacji webowych,Dobromir Matusiewicz,https://static01.helion.com.pl/global/okladki/145x218/vswmvc.png,"https://helion.pl/ksiazki/spring-web-mvc-kurs-video-programowanie-aplikacji-webowych-dobromir-matusiewicz,vswmvc.htm#format/w"," Programowanie "
24.15,9999,"Uniwersalna Platforma Windows. Kurs video. Poziom pierwszy.",Dawid Borycki,https://static01.helion.com.pl/global/okladki/145x218/vw10pa.png,"https://helion.pl/ksiazki/uniwersalna-platforma-windows-kurs-video-poziom-pierwszy-programowanie-aplikacji-dla-urzadzen-desk-dawid-borycki,vw10pa.htm#format/w"," Programowanie ; Systemy operacyjne "
17.15,9999,Podstawy programowania. Kurs video. Projektowanie i modelowanie obiektowe,Iwona Kubowicz,https://static01.helion.com.pl/global/okladki/145x218/vpopro.png,"https://helion.pl/ksiazki/podstawy-programowania-kurs-video-projektowanie-i-modelowanie-obiektowe-iwona-kubowicz,vpopro.htm#format/w"," Programowanie "
0.00,9999,Mind mapping z komputerem. Kurs video. Uporządkuj swoje myśli,Paweł Wimmer,https://static01.helion.com.pl/global/okladki/145x218/vtwmap.png,"https://helion.pl/ksiazki/mind-mapping-z-komputerem-kurs-video-uporzadkuj-swoje-mysli-pawel-wimmer,vtwmap.htm#format/w"," Programowanie "
27.65,9999,Django. Kurs video. Poziom pierwszy. Podstawy tworzenia aplikacji,Cezary Kaszuba,https://static01.helion.com.pl/global/okladki/145x218/vdjan1.png,"https://helion.pl/ksiazki/django-kurs-video-poziom-pierwszy-podstawy-tworzenia-aplikacji-cezary-kaszuba,vdjan1.htm#format/w"," Programowanie "
20.65,9999,JavaFX. Kurs video. Wzorce oraz typy generyczne,Łukasz Bownik,https://static01.helion.com.pl/global/okladki/145x218/vjavfx.png,"https://helion.pl/ksiazki/javafx-kurs-video-wzorce-oraz-typy-generyczne-lukasz-bownik,vjavfx.htm#format/w"," Programowanie "
39.00,9999,Zawód marzeń. Zostań programistą branży IT,Sebastian Dąbrowski,https://static01.helion.com.pl/global/okladki/145x218/s_0052.png,"https://helion.pl/ksiazki/zawod-marzen-zostan-programista-branzy-it-sebastian-dabrowski,s_0052.htm#format/w"," Programowanie "
29.00,9999,Frontend developer. Kurs video. HTML i CSS. Poziom podstawowy,Radosław Madecki,https://static01.helion.com.pl/global/okladki/145x218/vpohtm.png,"https://helion.pl/ksiazki/frontend-developer-kurs-video-html-i-css-poziom-podstawowy-radoslaw-madecki,vpohtm.htm#format/w"," Technologie webowe "
29.00,9999,Frontend developer. Kurs video. JavaScript. Poziom podstawowy,Radosław Madecki,https://static01.helion.com.pl/global/okladki/145x218/vpodjs.png,"https://helion.pl/ksiazki/frontend-developer-kurs-video-javascript-poziom-podstawowy-radoslaw-madecki,vpodjs.htm#format/w"," Technologie webowe "
48.95,9999,Frontend developer. Kurs video. JavaScript. Poziom średnio zaawansowany,Radosław Madecki,https://static01.helion.com.pl/global/okladki/145x218/vfrdes.png,"https://helion.pl/ksiazki/frontend-developer-kurs-video-javascript-poziom-srednio-zaawansowany-radoslaw-madecki,vfrdes.htm#format/w"," Technologie webowe "
84.50,9999,Node.js i TypeScript. Kurs video. Tworzenie skalowalnych mikroserwisów,Sebastian Domagała,https://static01.helion.com.pl/global/okladki/145x218/vnodej.png,"https://helion.pl/ksiazki/node-js-i-typescript-kurs-video-tworzenie-skalowalnych-mikroserwisow-sebastian-domagala,vnodej.htm#format/w"," Technologie webowe "
44.50,9999,Frontend developer. Kurs video. HTML i CSS. Poziom średnio zaawansowany,Radosław Madecki,https://static01.helion.com.pl/global/okladki/145x218/vfrond.png,"https://helion.pl/ksiazki/frontend-developer-kurs-video-html-i-css-poziom-srednio-zaawansowany-radoslaw-madecki,vfrond.htm#format/w"," Technologie webowe "
58.05,9999,React Redux. Kurs video. Praktyczny przewodnik,Paweł Zagrobelny,https://static01.helion.com.pl/global/okladki/145x218/vredux.png,"https://helion.pl/ksiazki/react-redux-kurs-video-praktyczny-przewodnik-pawel-zagrobelny,vredux.htm#format/w"," Technologie webowe "
59.50,9999,Angular 10. Kurs video. Budowa aplikacji od podstaw,Rafał Słuja,https://static01.helion.com.pl/global/okladki/145x218/vlara6.png,"https://helion.pl/ksiazki/angular-10-kurs-video-budowa-aplikacji-od-podstaw-rafal-sluja,vlara6.htm#format/w"," Technologie webowe "
59.50,9999,React.js i Node.js. Kurs video. Budowanie serwisu w oparciu o popularne biblioteki języka JavaScript,Jakub Kukuryk,https://static01.helion.com.pl/global/okladki/145x218/vnodre.png,"https://helion.pl/ksiazki/react-js-i-node-js-kurs-video-budowanie-serwisu-w-oparciu-o-popularne-biblioteki-jezyka-javascript-jakub-kukuryk,vnodre.htm#format/w"," Technologie webowe "
29.00,9999,"WordPress. Kurs video. Poziom pierwszy. Tworzenie, administracja i modyfikacja własnej witryny i bloga",Wojciech Bielak,https://static01.helion.com.pl/global/okladki/145x218/vwopre.png,"https://helion.pl/ksiazki/wordpress-kurs-video-poziom-pierwszy-tworzenie-administracja-i-modyfikacja-wlasnej-witryny-i-blog-wojciech-bielak,vwopre.htm#format/w"," Technologie webowe "
29.00,9999,React. Pierwsze kroki. Kurs video. Tworzenie praktycznej aplikacji,Jakub Ciosłowski,https://static01.helion.com.pl/global/okladki/145x218/reactk.png,"https://helion.pl/ksiazki/react-pierwsze-kroki-kurs-video-tworzenie-praktycznej-aplikacji-jakub-cioslowski,reactk.htm#format/w"," Technologie webowe "
44.55,9999,CSS i SASS. Kurs video. Praktyczny projekt nowoczesnego dashboardu,Michał Grząśko,https://static01.helion.com.pl/global/okladki/145x218/vcsssa.png,"https://helion.pl/ksiazki/css-i-sass-kurs-video-praktyczny-projekt-nowoczesnego-dashboardu-michal-grzasko,vcsssa.htm#format/w"," Technologie webowe "
129.00,9999,Bezpieczeństwo w ASP.NET Core. Kurs video. Podstawy kryptografii,Bartosz Szmit,https://static01.helion.com.pl/global/okladki/145x218/vbezpi.png,"https://helion.pl/ksiazki/bezpieczenstwo-w-asp-net-core-kurs-video-podstawy-kryptografii-bartosz-szmit,vbezpi.htm#format/w"," Technologie webowe ; Hacking "
64.50,9999,Angular 11. Kurs video. Poznaj moc tworzenia aplikacji typu SPA,Rafał Słuja,https://static01.helion.com.pl/global/okladki/145x218/vangta.png,"https://helion.pl/ksiazki/angular-11-kurs-video-poznaj-moc-tworzenia-aplikacji-typu-spa-rafal-sluja,vangta.htm#format/w"," Technologie webowe "
19.00,9999,PHP. Kurs video. Poziom drugi. Programowanie obiektowe w praktyce,Krzysztof Wołowski,https://static01.helion.com.pl/global/okladki/145x218/vphpp2.png,"https://helion.pl/ksiazki/php-kurs-video-poziom-drugi-programowanie-obiektowe-w-praktyce-krzysztof-wolowski,vphpp2.htm#format/w"," Technologie webowe "
71.10,9999,Laravel. Kurs video. Poziom pierwszy. Programowanie aplikacji w PHP,Paweł Kamiński,https://static01.helion.com.pl/global/okladki/145x218/vpaila.png,"https://helion.pl/ksiazki/laravel-kurs-video-poziom-pierwszy-programowanie-aplikacji-w-php-pawel-kaminski,vpaila.htm#format/w"," Technologie webowe "
84.50,9999,React Native. Kurs video. Zostań programistą aplikacji mobilnych,Sebastian Mysakowski,https://static01.helion.com.pl/global/okladki/145x218/vuczgl.png,"https://helion.pl/ksiazki/react-native-kurs-video-zostan-programista-aplikacji-mobilnych-sebastian-mysakowski,vuczgl.htm#format/w"," Technologie webowe "
22.05,9999,Język XML. Kurs video. Poziom pierwszy. Tworzenie struktury dokumentów XML,Marcin Albiniak,https://static01.helion.com.pl/global/okladki/145x218/vxmlv1.png,"https://helion.pl/ksiazki/jezyk-xml-kurs-video-poziom-pierwszy-tworzenie-struktury-dokumentow-xml-marcin-albiniak,vxmlv1.htm#format/w"," Technologie webowe "
24.50,9999,HTML5. Kurs video. Poziom pierwszy. Programowanie dla początkujących webmasterów,Jarosław Baca,https://static01.helion.com.pl/global/okladki/145x218/html1v.png,"https://helion.pl/ksiazki/html5-kurs-video-poziom-pierwszy-programowanie-dla-poczatkujacych-webmasterow-jaroslaw-baca,html1v.htm#format/w"," Technologie webowe "
22.05,9999,JavaScript. Kurs video. Poziom pierwszy. Programowanie interaktywnych stron internetowych,Jarosław Baca,https://static01.helion.com.pl/global/okladki/145x218/javscp.png,"https://helion.pl/ksiazki/javascript-kurs-video-poziom-pierwszy-programowanie-interaktywnych-stron-internetowych-jaroslaw-baca,javscp.htm#format/w"," Technologie webowe "
29.00,9999,Spring Security. Kurs video. Metody zabezpieczania aplikacji webowych,Adam Zaręba,https://static01.helion.com.pl/global/okladki/145x218/vspsec.png,"https://helion.pl/ksiazki/spring-security-kurs-video-metody-zabezpieczania-aplikacji-webowych-adam-zareba,vspsec.htm#format/w"," Technologie webowe ; Hacking "
26.55,9999,Od zera do frontend developera. Kurs video. Tworzenie stron w oparciu o HTML5 i CSS3,Michał Segieta,https://static01.helion.com.pl/global/okladki/145x218/vtwsin.png,"https://helion.pl/ksiazki/od-zera-do-frontend-developera-kurs-video-tworzenie-stron-w-oparciu-o-html5-i-css3-michal-segieta,vtwsin.htm#format/w"," Technologie webowe "
26.55,9999,Tworzenie motywów WordPress. Kurs video dla zaawansowanych. Od prostej strony po katalog produktów,Wojciech Bielak,https://static01.helion.com.pl/global/okladki/145x218/vwopr2.png,"https://helion.pl/ksiazki/tworzenie-motywow-wordpress-kurs-video-dla-zaawansowanych-od-prostej-strony-po-katalog-produktow-wojciech-bielak,vwopr2.htm#format/w"," Technologie webowe "
35.55,9999,Node.js. Kurs video. Tworzenie skalowalnych aplikacji webowych,Łukasz Ogan,https://static01.helion.com.pl/global/okladki/145x218/vnodjs.png,"https://helion.pl/ksiazki/node-js-kurs-video-tworzenie-skalowalnych-aplikacji-webowych-lukasz-ogan,vnodjs.htm#format/w"," Technologie webowe "
49.00,9999,PHP 8. Kurs video. Piszemy pierwsze skrypty! Poziom podstawowy,Jarosław Baca,https://static01.helion.com.pl/global/okladki/145x218/vphp8v.png,"https://helion.pl/ksiazki/php-8-kurs-video-piszemy-pierwsze-skrypty-poziom-podstawowy-jaroslaw-baca,vphp8v.htm#format/w"," Technologie webowe "
34.50,9999,E-learning z Moodle. Kurs video. Poziom pierwszy. Tworzenie i obsługa platformy szkoleniowej,Piotr Brzózka,https://static01.helion.com.pl/global/okladki/145x218/vmood1.png,"https://helion.pl/ksiazki/e-learning-z-moodle-kurs-video-poziom-pierwszy-tworzenie-i-obsluga-platformy-szkoleniowej-piotr-brzozka,vmood1.htm#format/w"," Technologie webowe "
24.50,9999,HTML 5. Kurs video. Poziom drugi. Tworzenie profesjonalnych stron WWW,Jarosław Baca,https://static01.helion.com.pl/global/okladki/145x218/vhtml5.png,"https://helion.pl/ksiazki/html-5-kurs-video-poziom-drugi-tworzenie-profesjonalnych-stron-www-jaroslaw-baca,vhtml5.htm#format/w"," Technologie webowe "
31.05,9999,WordPress. 50 genialnych wtyczek. Kurs video,Leszek Pomianowski,https://static01.helion.com.pl/global/okladki/145x218/v50gww.png,"https://helion.pl/ksiazki/wordpress-50-genialnych-wtyczek-kurs-video-leszek-pomianowski,v50gww.htm#format/w"," Technologie webowe "
19.00,9999,PHP. Kurs video. Poziom pierwszy. Programowanie obiektowe w praktyce,Krzysztof Wołowski,https://static01.helion.com.pl/global/okladki/145x218/vphpp1.png,"https://helion.pl/ksiazki/php-kurs-video-poziom-pierwszy-programowanie-obiektowe-w-praktyce-krzysztof-wolowski,vphpp1.htm#format/w"," Technologie webowe "
58.05,9999,Frontend developer. Kurs video. React. Poziom podstawowy,Radosław Madecki,https://static01.helion.com.pl/global/okladki/145x218/vfrode.png,"https://helion.pl/ksiazki/frontend-developer-kurs-video-react-poziom-podstawowy-radoslaw-madecki,vfrode.htm#format/w"," Technologie webowe "
35.55,9999,Vue.js. Kurs video. Tworzenie zaawansowanych aplikacji webowych,Piotr Łużecki,https://static01.helion.com.pl/global/okladki/145x218/vvuekv.png,"https://helion.pl/ksiazki/vue-js-kurs-video-tworzenie-zaawansowanych-aplikacji-webowych-piotr-luzecki,vvuekv.htm#format/w"," Technologie webowe "
71.10,9999,PHP. Kurs video. Tworzenie własnego środowiska na podstawie wzorca MVC,Kamil Kozaczyński,https://static01.helion.com.pl/global/okladki/145x218/vphpsr.png,"https://helion.pl/ksiazki/php-kurs-video-tworzenie-wlasnego-srodowiska-na-podstawie-wzorca-mvc-kamil-kozaczynski,vphpsr.htm#format/w"," Technologie webowe "
49.00,9999,OpenGL. Kurs video. Wprowadzenie do programowania grafiki komputerowej,Krzysztof Szenk,https://static01.helion.com.pl/global/okladki/145x218/vmoopg.png,"https://helion.pl/ksiazki/opengl-kurs-video-wprowadzenie-do-programowania-grafiki-komputerowej-krzysztof-szenk,vmoopg.htm#format/w"," Technologie webowe ; Gry "
15.71,9999,Testowanie w Angularze. Kurs video. Karma i Jasmine,Dawid Perdek,https://static01.helion.com.pl/global/okladki/145x218/vtesan.png,"https://helion.pl/ksiazki/testowanie-w-angularze-kurs-video-karma-i-jasmine-dawid-perdek,vtesan.htm#format/w"," Technologie webowe ; Hacking "
22.05,9999,Sass od podstaw. Kurs video. Budowa kompleksowej strony  w oparciu o metodologię BEM,Maksymilian Olszewski,https://static01.helion.com.pl/global/okladki/145x218/vcssas.png,"https://helion.pl/ksiazki/sass-od-podstaw-kurs-video-budowa-kompleksowej-strony-w-oparciu-o-metodologie-bem-maksymilian-olszewski,vcssas.htm#format/w"," Technologie webowe "
31.05,9999,SEO. Kurs video. Poziom drugi. Strategie pozycjonowania i techniki pracy,Dominik Piestrzyński,https://static01.helion.com.pl/global/okladki/145x218/vseop2.png,"https://helion.pl/ksiazki/seo-kurs-video-poziom-drugi-strategie-pozycjonowania-i-techniki-pracy-dominik-piestrzynski,vseop2.htm#format/w"," Technologie webowe "
26.55,9999,JavaScript. Kurs video. Poziom drugi. Zaawansowane techniki pisania skryptów,Jarosław Baca,https://static01.helion.com.pl/global/okladki/145x218/vjavsc.png,"https://helion.pl/ksiazki/javascript-kurs-video-poziom-drugi-zaawansowane-techniki-pisania-skryptow-jaroslaw-baca,vjavsc.htm#format/w"," Technologie webowe "
22.05,9999,jQuery. Kurs video. Poziom pierwszy. Interaktywne interfejsy internetowe,Paweł Bensel,https://static01.helion.com.pl/global/okladki/145x218/jque1v.png,"https://helion.pl/ksiazki/jquery-kurs-video-poziom-pierwszy-interaktywne-interfejsy-internetowe-pawel-bensel,jque1v.htm#format/w"," Technologie webowe "
31.05,9999,Drupal 7. Kurs video. Poziom pierwszy. Szybkie tworzenie stron internetowych,Sławomir Szulczewski,https://static01.helion.com.pl/global/okladki/145x218/drup1v.png,"https://helion.pl/ksiazki/drupal-7-kurs-video-poziom-pierwszy-szybkie-tworzenie-stron-internetowych-slawomir-szulczewski,drup1v.htm#format/w"," Technologie webowe "
71.10,9999,PHP 7.3. Kurs video. Tworzenie bezpiecznej strony typu e-commerce,Kamil Monicz,https://static01.helion.com.pl/global/okladki/145x218/vtbsec.png,"https://helion.pl/ksiazki/php-7-3-kurs-video-tworzenie-bezpiecznej-strony-typu-e-commerce-kamil-monicz,vtbsec.htm#format/w"," Technologie webowe ; Hacking "
62.10,9999,ASP.NET Core MVC. Kurs video. Poziom drugi. Programowanie nowoczesnych aplikacji internetowych,Dawid Borycki,https://static01.helion.com.pl/global/okladki/145x218/vasmv2.png,"https://helion.pl/ksiazki/asp-net-core-mvc-kurs-video-poziom-drugi-programowanie-nowoczesnych-aplikacji-internetowych-dawid-borycki,vasmv2.htm#format/w"," Technologie webowe "
31.05,9999,"RESTful Web Services. Kurs video. Tworzenie restowych aplikacji internetowych w Spring, AngularJS",Łukasz Ogan,https://static01.helion.com.pl/global/okladki/145x218/vresws.png,"https://helion.pl/ksiazki/restful-web-services-kurs-video-tworzenie-restowych-aplikacji-internetowych-w-spring-angularjs-lukasz-ogan,vresws.htm#format/w"," Technologie webowe "
31.05,9999,"Drupal 7. Kurs video. Poziom drugi. Zaawansowane moduły, skórki i patche",Sławomir Szulczewski,https://static01.helion.com.pl/global/okladki/145x218/vdrup2.png,"https://helion.pl/ksiazki/drupal-7-kurs-video-poziom-drugi-zaawansowane-moduly-skorki-i-patche-slawomir-szulczewski,vdrup2.htm#format/w"," Technologie webowe "
35.55,9999,Responsive i Bootstrap. Kurs video. Poziom pierwszy. Błyskawiczne tworzenie responsywnych serwisów WWW,Szymon Pendolski,https://static01.helion.com.pl/global/okladki/145x218/vrespb.png,"https://helion.pl/ksiazki/responsive-i-bootstrap-kurs-video-poziom-pierwszy-blyskawiczne-tworzenie-responsywnych-serwisow-ww-szymon-pendolski,vrespb.htm#format/w"," Technologie webowe "
26.55,9999,CSS3. Kurs video. Poziom pierwszy. Nowoczesne i stylowe strony WWW,Tomasz Kowalski,https://static01.helion.com.pl/global/okladki/145x218/csspod.png,"https://helion.pl/ksiazki/css3-kurs-video-poziom-pierwszy-nowoczesne-i-stylowe-strony-www-tomasz-kowalski,csspod.htm#format/w"," Technologie webowe "
26.55,9999,SEO. Kurs video. Poziom pierwszy. Pozycjonowanie i optymalizacja stron WWW,Dominik Piestrzyński,https://static01.helion.com.pl/global/okladki/145x218/seopoz.png,"https://helion.pl/ksiazki/seo-kurs-video-poziom-pierwszy-pozycjonowanie-i-optymalizacja-stron-www-dominik-piestrzynski,seopoz.htm#format/w"," Technologie webowe "
62.65,9999,Canvas. Kurs video. Tworzenie elementów graficznych na stronach internetowych,Bartosz Szmit,https://static01.helion.com.pl/global/okladki/145x218/prwtc.png,"https://helion.pl/ksiazki/canvas-kurs-video-tworzenie-elementow-graficznych-na-stronach-internetowych-bartosz-szmit,prwtc.htm#format/w"," Technologie webowe ; Grafika komputerowa "
58.05,9999,Nowoczesny JavaScript. Kurs video. Nowości od ES6 do ES2020,Piotr Jasiun,https://static01.helion.com.pl/global/okladki/145x218/vkecma.png,"https://helion.pl/ksiazki/nowoczesny-javascript-kurs-video-nowosci-od-es6-do-es2020-piotr-jasiun,vkecma.htm#format/w"," Technologie webowe "
27.65,9999,Vue.js. Kurs video. Sprawne i szybkie pisanie aplikacji webowych,Jarosław Baca,https://static01.helion.com.pl/global/okladki/145x218/vvujev.png,"https://helion.pl/ksiazki/vue-js-kurs-video-sprawne-i-szybkie-pisanie-aplikacji-webowych-jaroslaw-baca,vvujev.htm#format/w"," Technologie webowe "
20.65,9999,jQuery. Kurs video. Poziom drugi. Interaktywne banery i funkcjonalne menu,Jarosław Baca,https://static01.helion.com.pl/global/okladki/145x218/vjque2.png,"https://helion.pl/ksiazki/jquery-kurs-video-poziom-drugi-interaktywne-banery-i-funkcjonalne-menu-jaroslaw-baca,vjque2.htm#format/w"," Technologie webowe "
31.15,9999,LESS. Kurs video. Poziom pierwszy. Jak usprawnić pracę z CSS,Jarosław Baca,https://static01.helion.com.pl/global/okladki/145x218/vlessk.png,"https://helion.pl/ksiazki/less-kurs-video-poziom-pierwszy-jak-usprawnic-prace-z-css-jaroslaw-baca,vlessk.htm#format/w"," Technologie webowe "
58.05,9999,Angular 5. Kurs video. Poziom pierwszy. Programowanie webowe w oparciu o architekturę komponentową,Miłosz Piechocki,https://static01.helion.com.pl/global/okladki/145x218/vangu4.png,"https://helion.pl/ksiazki/angular-5-kurs-video-poziom-pierwszy-programowanie-webowe-w-oparciu-o-architekture-komponentowa-milosz-piechocki,vangu4.htm#format/w"," Technologie webowe "
24.15,9999,"TypeScript. Kurs video. Poziom pierwszy. Składnia, organizacja projektu, obiektowość i generyczność",Karol Rogowski,https://static01.helion.com.pl/global/okladki/145x218/vtypsc.png,"https://helion.pl/ksiazki/typescript-kurs-video-poziom-pierwszy-skladnia-organizacja-projektu-obiektowosc-i-generycznosc-karol-rogowski,vtypsc.htm#format/w"," Technologie webowe "
41.65,9999,AngularJS. Kurs video. Czysty kod,Dariusz Kalbarczyk,https://static01.helion.com.pl/global/okladki/145x218/vanczk.png,"https://helion.pl/ksiazki/angularjs-kurs-video-czysty-kod-dariusz-kalbarczyk,vanczk.htm#format/w"," Technologie webowe "
41.65,9999,AngularJS. Kurs video. Poziom pierwszy. Tworzenie aplikacji,Dariusz Kalbarczyk,https://static01.helion.com.pl/global/okladki/145x218/vangjs.png,"https://helion.pl/ksiazki/angularjs-kurs-video-poziom-pierwszy-tworzenie-aplikacji-dariusz-kalbarczyk,vangjs.htm#format/w"," Technologie webowe "
20.65,9999,Joomla. Kurs video. Poziom pierwszy. Instalacja i rozbudowa witryny,Elżbieta Szejgis,https://static01.helion.com.pl/global/okladki/145x218/vjoom1.png,"https://helion.pl/ksiazki/joomla-kurs-video-poziom-pierwszy-instalacja-i-rozbudowa-witryny-elzbieta-szejgis,vjoom1.htm#format/w"," Technologie webowe "
19.00,9999,Excel - tabele przestawne. Kurs video. Raporty i analiza danych,Adam Kopeć,https://static01.helion.com.pl/global/okladki/145x218/vex13t.png,"https://helion.pl/ksiazki/excel-tabele-przestawne-kurs-video-raporty-i-analiza-danych-adam-kopec,vex13t.htm#format/w"," Aplikacje biurowe ; Big Data "
129.00,9999,Power Query i Power Pivot. Kurs video. Poznaj narzędzia Excel BI,Marcin Paluszkiewicz,https://static01.helion.com.pl/global/okladki/145x218/vpoweq.png,"https://helion.pl/ksiazki/power-query-i-power-pivot-kurs-video-poznaj-narzedzia-excel-bi-marcin-paluszkiewicz,vpoweq.htm#format/w"," Aplikacje biurowe "
62.10,9999,Excel 2016 i programowanie VBA. Kurs video. Poziom drugi. Zaawansowane techniki tworzenia makr,Jarosław Baca,https://static01.helion.com.pl/global/okladki/145x218/ve16v2.png,"https://helion.pl/ksiazki/excel-2016-i-programowanie-vba-kurs-video-poziom-drugi-zaawansowane-techniki-tworzenia-makr-jaroslaw-baca,ve16v2.htm#format/w"," Aplikacje biurowe "
29.00,9999,Excel 2013 i programowanie VBA. Kurs video. Poziom pierwszy. Tworzenie makr dla arkusza kalkulacyjnego,Jarosław Baca,https://static01.helion.com.pl/global/okladki/145x218/ve13v1.png,"https://helion.pl/ksiazki/excel-2013-i-programowanie-vba-kurs-video-poziom-pierwszy-tworzenie-makr-dla-arkusza-kalkulacyjneg-jaroslaw-baca,ve13v1.htm#format/w"," Aplikacje biurowe "
89.00,9999,Przetwarzanie danych w Excelu. Kurs video. Laboratorium Power Query,Marcin Cichocki,https://static01.helion.com.pl/global/okladki/145x218/vprzex.png,"https://helion.pl/ksiazki/przetwarzanie-danych-w-excelu-kurs-video-laboratorium-power-query-marcin-cichocki,vprzex.htm#format/w"," Aplikacje biurowe "
129.00,9999,Excel 2019 VBA. Kurs video. Opanuj podstawy i przećwicz je na 50 praktycznych przykładach,Daniel Brzózka,https://static01.helion.com.pl/global/okladki/145x218/vexpod.png,"https://helion.pl/ksiazki/excel-2019-vba-kurs-video-opanuj-podstawy-i-przecwicz-je-na-50-praktycznych-przykladach-daniel-brzozka,vexpod.htm#format/w"," Aplikacje biurowe "
71.10,9999,Excel 2019. Kurs video. Postaw pierwsze kroki!,Daniel Brzózka,https://static01.helion.com.pl/global/okladki/145x218/vex19p.png,"https://helion.pl/ksiazki/excel-2019-kurs-video-postaw-pierwsze-kroki-daniel-brzozka,vex19p.htm#format/w"," Aplikacje biurowe "
19.00,9999,Excel - szybkie przetwarzanie danych. Sztuczki i gotowe rozwiązania. Kurs video,Daniel Brzózka,https://static01.helion.com.pl/global/okladki/145x218/vextr2.png,"https://helion.pl/ksiazki/excel-szybkie-przetwarzanie-danych-sztuczki-i-gotowe-rozwiazania-kurs-video-daniel-brzozka,vextr2.htm#format/w"," Aplikacje biurowe "
129.00,9999,Excel VBA. Kurs video. Budowanie procesu automatycznego raportowania,Daniel Brzózka,https://static01.helion.com.pl/global/okladki/145x218/vimpda.png,"https://helion.pl/ksiazki/excel-vba-kurs-video-budowanie-procesu-automatycznego-raportowania-daniel-brzozka,vimpda.htm#format/w"," Aplikacje biurowe "
19.00,9999,PowerPoint 2013. Kurs video. Poziom pierwszy. Tworzenie profesjonalnej prezentacji,"Aleksandra Tomaszewska ",https://static01.helion.com.pl/global/okladki/145x218/vmppv1.png,"https://helion.pl/ksiazki/powerpoint-2013-kurs-video-poziom-pierwszy-tworzenie-profesjonalnej-prezentacji-aleksandra-tomaszewska,vmppv1.htm#format/w"," Aplikacje biurowe "
62.10,9999,Microsoft Project 2013. Kurs video. Poziom drugi. Zaawansowane techniki zarządzania projektami,Sebastian Wilczewski,https://static01.helion.com.pl/global/okladki/145x218/vmpro2.png,"https://helion.pl/ksiazki/microsoft-project-2013-kurs-video-poziom-drugi-zaawansowane-techniki-zarzadzania-projektami-sebastian-wilczewski,vmpro2.htm#format/w"," Aplikacje biurowe "
29.00,9999,Excel 2013. Kurs video. Poziom pierwszy. Kluczowe umiejętności i najlepsze praktyki,Bartosz Danowski,https://static01.helion.com.pl/global/okladki/145x218/ex131v.png,"https://helion.pl/ksiazki/excel-2013-kurs-video-poziom-pierwszy-kluczowe-umiejetnosci-i-najlepsze-praktyki-bartosz-danowski,ex131v.htm#format/w"," Aplikacje biurowe "
62.10,9999,Microsoft Project 2013. Kurs video. Poziom pierwszy. Podstawy zarządzania projektami,Sebastian Wilczewski,https://static01.helion.com.pl/global/okladki/145x218/msprop.png,"https://helion.pl/ksiazki/microsoft-project-2013-kurs-video-poziom-pierwszy-podstawy-zarzadzania-projektami-sebastian-wilczewski,msprop.htm#format/w"," Aplikacje biurowe ; Biznes IT "
29.00,9999,Excel 2013. Kurs video. Poziom drugi. Przetwarzanie i analiza danych,Daniel Brzózka,https://static01.helion.com.pl/global/okladki/145x218/vex132.png,"https://helion.pl/ksiazki/excel-2013-kurs-video-poziom-drugi-przetwarzanie-i-analiza-danych-daniel-brzozka,vex132.htm#format/w"," Aplikacje biurowe ; Big Data "
19.00,9999,Excel 2013. Kurs video. Sztuczki i gotowe rozwiązania,Daniel Brzózka,https://static01.helion.com.pl/global/okladki/145x218/vextri.png,"https://helion.pl/ksiazki/excel-2013-kurs-video-sztuczki-i-gotowe-rozwiazania-daniel-brzozka,vextri.htm#format/w"," Aplikacje biurowe "
129.00,9999,Microsoft SQL Server. Kurs video. Tworzenie zaawansowanych zapytań,Bartosz Szmit,https://static01.helion.com.pl/global/okladki/145x218/vsqlsz.png,"https://helion.pl/ksiazki/microsoft-sql-server-kurs-video-tworzenie-zaawansowanych-zapytan-bartosz-szmit,vsqlsz.htm#format/w"," Bazy danych "
89.00,9999,SQL. Kurs video. Od zera do bohatera. Odczytywanie danych,Marcin Szeliga,https://static01.helion.com.pl/global/okladki/145x218/vsqloz.png,"https://helion.pl/ksiazki/sql-kurs-video-od-zera-do-bohatera-odczytywanie-danych-marcin-szeliga,vsqloz.htm#format/w"," Bazy danych "
129.00,9999,Power BI Desktop. Kurs video. Wykorzystanie narzędzia w analizie i wizualizacji danych,Marcin Paluszkiewicz,https://static01.helion.com.pl/global/okladki/145x218/vpodpy.png,"https://helion.pl/ksiazki/power-bi-desktop-kurs-video-wykorzystanie-narzedzia-w-analizie-i-wizualizacji-danych-marcin-paluszkiewicz,vpodpy.htm#format/w"," Bazy danych ; Big Data "
29.00,9999,MySQL. Kurs video. Od podstaw do zagadnień zaawansowanych. Tworzenie i analizowanie baz danych,Przemysław Starosta,https://static01.helion.com.pl/global/okladki/145x218/vmysql.png,"https://helion.pl/ksiazki/mysql-kurs-video-od-podstaw-do-zagadnien-zaawansowanych-tworzenie-i-analizowanie-baz-danych-przemyslaw-starosta,vmysql.htm#format/w"," Bazy danych "
29.00,9999,SQL. Kurs video. Od podstaw do zagadnień zaawansowanych. Tworzenie baz danych,Przemysław Starosta,https://static01.helion.com.pl/global/okladki/145x218/vsqlod.png,"https://helion.pl/ksiazki/sql-kurs-video-od-podstaw-do-zagadnien-zaawansowanych-tworzenie-baz-danych-przemyslaw-starosta,vsqlod.htm#format/w"," Bazy danych "
89.00,9999,SQL. Kurs video. Kompendium wiedzy na podstawie MySQL,Piotr Chudzik,https://static01.helion.com.pl/global/okladki/145x218/vsqlkp.png,"https://helion.pl/ksiazki/sql-kurs-video-kompendium-wiedzy-na-podstawie-mysql-piotr-chudzik,vsqlkp.htm#format/w"," Bazy danych "
29.00,9999,SQL. Kurs video. Projektowanie i implementacja baz danych,Krzysztof Piaskowy,https://static01.helion.com.pl/global/okladki/145x218/vtwbzd.png,"https://helion.pl/ksiazki/sql-kurs-video-projektowanie-i-implementacja-baz-danych-krzysztof-piaskowy,vtwbzd.htm#format/w"," Bazy danych "
89.00,9999,SQL. Kurs video. Od zera do bohatera. Modyfikowanie danych,Marcin Szeliga,https://static01.helion.com.pl/global/okladki/145x218/vsqlo2.png,"https://helion.pl/ksiazki/sql-kurs-video-od-zera-do-bohatera-modyfikowanie-danych-marcin-szeliga,vsqlo2.htm#format/w"," Bazy danych "
71.10,9999,Microsoft SQL Server. Tworzenie baz danych i zarządzanie nimi. Kurs video,Marcin Albiniak,https://static01.helion.com.pl/global/okladki/145x218/vsqlse.png,"https://helion.pl/ksiazki/microsoft-sql-server-tworzenie-baz-danych-i-zarzadzanie-nimi-kurs-video-marcin-albiniak,vsqlse.htm#format/w"," Bazy danych "
29.00,9999,Podstawy programowania. Kurs video. Bazy danych,Piotr Wrotny,https://static01.helion.com.pl/global/okladki/145x218/vppbda.png,"https://helion.pl/ksiazki/podstawy-programowania-kurs-video-bazy-danych-piotr-wrotny,vppbda.htm#format/w"," Bazy danych "
29.00,9999,Access 2013. Kurs video. Kwerendy baz danych,Kamil Józwik,https://static01.helion.com.pl/global/okladki/145x218/acckwe.png,"https://helion.pl/ksiazki/access-2013-kurs-video-kwerendy-baz-danych-kamil-jozwik,acckwe.htm#format/w"," Bazy danych "
31.05,9999,"Linux Server. Kurs video. Usługi serwerowe, skrypty i środowisko graficzne",Adam Raźniewski,https://static01.helion.com.pl/global/okladki/145x218/vlinse.png,"https://helion.pl/ksiazki/linux-server-kurs-video-uslugi-serwerowe-skrypty-i-srodowisko-graficzne-adam-razniewski,vlinse.htm#format/w"," Bazy danych ; Systemy operacyjne "
19.00,9999," T-SQL. Kurs video. Wykorzystanie baz danych przy użyciu niekonwencjonalnych rozwiązań. Sztuczki i gotowe rozwiązania",Przemysław Starosta,https://static01.helion.com.pl/global/okladki/145x218/vtsqls.png,"https://helion.pl/ksiazki/t-sql-kurs-video-wykorzystanie-baz-danych-przy-uzyciu-niekonwencjonalnych-rozwiazan-sztuczki-i-go-przemyslaw-starosta,vtsqls.htm#format/w"," Bazy danych "
71.10,9999,T-SQL. Kurs video. Programowanie baz danych w SQL Server,Przemysław Starosta,https://static01.helion.com.pl/global/okladki/145x218/vtsqlp.png,"https://helion.pl/ksiazki/t-sql-kurs-video-programowanie-baz-danych-w-sql-server-przemyslaw-starosta,vtsqlp.htm#format/w"," Bazy danych "
62.10,9999,Programowanie w PostgreSQL. Kurs video. Analiza danych,Przemysław Starosta,https://static01.helion.com.pl/global/okladki/145x218/vpsqla.png,"https://helion.pl/ksiazki/programowanie-w-postgresql-kurs-video-analiza-danych-przemyslaw-starosta,vpsqla.htm#format/w"," Bazy danych "
29.00,9999,PL/SQL. Kurs video. Od podstaw do zagadnień zaawansowanych. Programowanie baz danych,Przemysław Starosta,https://static01.helion.com.pl/global/okladki/145x218/vplsql.png,"https://helion.pl/ksiazki/pl-sql-kurs-video-od-podstaw-do-zagadnien-zaawansowanych-programowanie-baz-danych-przemyslaw-starosta,vplsql.htm#format/w"," Bazy danych "
104.65,9999,Instalacja i konfiguracja baz danych. Kurs video. Przygotowanie do  egzaminu 70-765 Provisioning SQL Databases,Marcin Szeliga,https://static01.helion.com.pl/global/okladki/145x218/vinkbd.png,"https://helion.pl/ksiazki/instalacja-i-konfiguracja-baz-danych-kurs-video-przygotowanie-do-egzaminu-70-765-provisioning-sql-marcin-szeliga,vinkbd.htm#format/w"," Bazy danych "
49.00,9999,Angielski dla specjalistów IT. Kurs video. Level up,Anna Lewoc,https://static01.helion.com.pl/global/okladki/145x218/vanit2.png,"https://helion.pl/ksiazki/angielski-dla-specjalistow-it-kurs-video-level-up-anna-lewoc,vanit2.htm#format/w"," Biznes IT "
99.00,9999,Blockchain. Kurs video. Smart kontrakty i aplikacje zdecentralizowane w praktyce,Sylwester Wieczorkowski,https://static01.helion.com.pl/global/okladki/145x218/vblock.png,"https://helion.pl/ksiazki/blockchain-kurs-video-smart-kontrakty-i-aplikacje-zdecentralizowane-w-praktyce-sylwester-wieczorkowski,vblock.htm#format/w"," Biznes IT ; Hacking "
49.00,9999,Angielski dla specjalistów IT. Kurs video. Komunikacja w codziennej pracy,Anna Lewoc,https://static01.helion.com.pl/global/okladki/145x218/vangit.png,"https://helion.pl/ksiazki/angielski-dla-specjalistow-it-kurs-video-komunikacja-w-codziennej-pracy-anna-lewoc,vangit.htm#format/w"," Biznes IT "
49.00,9999,Niemiecki dla specjalistów IT. Kurs video. Poziom pierwszy. Komunikacja w codziennej pracy,Rafał Tondera,https://static01.helion.com.pl/global/okladki/145x218/vnieit.png,"https://helion.pl/ksiazki/niemiecki-dla-specjalistow-it-kurs-video-poziom-pierwszy-komunikacja-w-codziennej-pracy-rafal-tondera,vnieit.htm#format/w"," Biznes IT "
49.00,9999,"Jak lepiej pisać po angielsku. Kurs video. Teksty formalne, urzędowe i techniczne",Rafał Tondera,https://static01.helion.com.pl/global/okladki/145x218/vtwtf.png,"https://helion.pl/ksiazki/jak-lepiej-pisac-po-angielsku-kurs-video-teksty-formalne-urzedowe-i-techniczne-rafal-tondera,vtwtf.htm#format/w"," Biznes IT "
19.00,9999,Ćwiczenia na bóle kręgosłupa i inne przypadłości osób przywiązanych do biurka. Kurs wideo,Anna Brzegowa,https://static01.helion.com.pl/global/okladki/145x218/vzescw.png,"https://helion.pl/ksiazki/cwiczenia-na-bole-kregoslupa-i-inne-przypadlosci-osob-przywiazanych-do-biurka-kurs-wideo-anna-brzegowa,vzescw.htm#format/w"," Biznes IT "
89.00,9999,Vim. Kurs video. Zostań administratorem systemów IT,Piotr Kośka,https://static01.helion.com.pl/global/okladki/145x218/vvimv.png,"https://helion.pl/ksiazki/vim-kurs-video-zostan-administratorem-systemow-it-piotr-koska-piotr-tenyszyn,vvimv.htm#format/w"," Biznes IT ; Systemy operacyjne "
29.00,9999,CorelDRAW X7. Kurs video. Projektowanie identyfikacji wizualnej firmy,Monika Popiołkiewicz,https://static01.helion.com.pl/global/okladki/145x218/vcox7p.png,"https://helion.pl/ksiazki/coreldraw-x7-kurs-video-projektowanie-identyfikacji-wizualnej-firmy-monika-popiolkiewicz,vcox7p.htm#format/w"," Biznes IT ; Grafika komputerowa "
49.00,9999,Niemiecki dla specjalistów IT. Kurs video. Poziom drugi - średnio zaawansowany. Doskonalenie kompetencji komunikacyjnych,Rafał Tondera,https://static01.helion.com.pl/global/okladki/145x218/vniit2.png,"https://helion.pl/ksiazki/niemiecki-dla-specjalistow-it-kurs-video-poziom-drugi-srednio-zaawansowany-doskonalenie-kompete-rafal-tondera,vniit2.htm#format/w"," Biznes IT "
62.10,9999,Angielski w biznesie. Kurs video. Poziom pierwszy. Kurs językowy dla zapracowanych,Anna Lewoc,https://static01.helion.com.pl/global/okladki/145x218/vangbi.png,"https://helion.pl/ksiazki/angielski-w-biznesie-kurs-video-poziom-pierwszy-kurs-jezykowy-dla-zapracowanych-anna-lewoc,vangbi.htm#format/w"," Biznes IT "
41.65,9999,Blockchain. Kurs video. Cyfrowa ewolucja w świecie finansów,Tomasz Waszczyk,https://static01.helion.com.pl/global/okladki/145x218/vwszdf.png,"https://helion.pl/ksiazki/blockchain-kurs-video-cyfrowa-ewolucja-w-swiecie-finansow-tomasz-waszczyk,vwszdf.htm#format/w"," Biznes IT ; Hacking "
62.10,9999,Angielski w biznesie. Kurs video. Poziom drugi. Zaawansowane słownictwo biznesowe,Anna Lewoc,https://static01.helion.com.pl/global/okladki/145x218/vanbi2.png,"https://helion.pl/ksiazki/angielski-w-biznesie-kurs-video-poziom-drugi-zaawansowane-slownictwo-biznesowe-anna-lewoc,vanbi2.htm#format/w"," Biznes IT "
997.00,9999,E-biznes do Kwadratu,Maciej Dutko,https://static01.helion.com.pl/global/okladki/145x218/s_004r.png,"https://helion.pl/ksiazki/e-biznes-do-kwadratu-maciej-dutko,s_004r.htm#format/w"," Biznes IT "
24.15,9999,Google AdWords. Kurs video. Skuteczne kampanie reklamowe,Michał Zawer,https://static01.helion.com.pl/global/okladki/145x218/vgoadw.png,"https://helion.pl/ksiazki/google-adwords-kurs-video-skuteczne-kampanie-reklamowe-michal-zawer,vgoadw.htm#format/w"," Biznes IT "
129.00,9999,"ArchiCAD. Kurs video. Poziom pierwszy. Projektowanie domu jednorodzinnego ",Rafał Ślęk,https://static01.helion.com.pl/global/okladki/145x218/vaca18.png,"https://helion.pl/ksiazki/archicad-kurs-video-poziom-pierwszy-projektowanie-domu-jednorodzinnego-rafal-slek,vaca18.htm#format/w"," CAD/CAM "
89.00,9999,AutoCAD 2020. Kurs video. Podstawy zastosowania programu w architekturze i budownictwie,Piotr Polinceusz,https://static01.helion.com.pl/global/okladki/145x218/vac20p.png,"https://helion.pl/ksiazki/autocad-2020-kurs-video-podstawy-zastosowania-programu-w-architekturze-i-budownictwie-piotr-polinceusz,vac20p.htm#format/w"," CAD/CAM "
49.00,9999,AutoCAD LT 2015. Kurs video. Poziom drugi. Zaawansowane projektowanie 2D,Kamil Przybyliński,https://static01.helion.com.pl/global/okladki/145x218/vaclt2.png,"https://helion.pl/ksiazki/autocad-lt-2015-kurs-video-poziom-drugi-zaawansowane-projektowanie-2d-kamil-przybylinski,vaclt2.htm#format/w"," CAD/CAM "
49.00,9999,AutoCAD 2020. Kurs video. Poznaj świat 3d,Piotr Polinceusz,https://static01.helion.com.pl/global/okladki/145x218/vac20m.png,"https://helion.pl/ksiazki/autocad-2020-kurs-video-poznaj-swiat-3d-piotr-polinceusz,vac20m.htm#format/w"," CAD/CAM "
49.00,9999,AutoCAD 2020. Kurs video. Projektowanie parametryczne,Piotr Polinceusz,https://static01.helion.com.pl/global/okladki/145x218/vac20z.png,"https://helion.pl/ksiazki/autocad-2020-kurs-video-projektowanie-parametryczne-piotr-polinceusz,vac20z.htm#format/w"," CAD/CAM "
129.00,9999,ArchiCAD 21. Kurs video. Poziom drugi. Nowe funkcje programu,Rafał Ślęk,https://static01.helion.com.pl/global/okladki/145x218/vaktua.png,"https://helion.pl/ksiazki/archicad-21-kurs-video-poziom-drugi-nowe-funkcje-programu-rafal-slek,vaktua.htm#format/w"," CAD/CAM "
62.10,9999,AutoCAD LT 2015. Kurs video. Poziom pierwszy. Podstawy projektowania 2D,Kamil Przybyliński,https://static01.helion.com.pl/global/okladki/145x218/vaclt1.png,"https://helion.pl/ksiazki/autocad-lt-2015-kurs-video-poziom-pierwszy-podstawy-projektowania-2d-kamil-przybylinski,vaclt1.htm#format/w"," CAD/CAM "
104.65,9999,"ARCHICAD. Kurs video. Obsługa bibliotek i zarządzanie zasobami, tworzenie własnych obiektów",Rafał Ślęk,https://static01.helion.com.pl/global/okladki/145x218/varcho.png,"https://helion.pl/ksiazki/archicad-kurs-video-obsluga-bibliotek-i-zarzadzanie-zasobami-tworzenie-wlasnych-obiektow-rafal-slek,varcho.htm#format/w"," CAD/CAM "
71.10,9999,Adobe InDesign CC. Kurs video. Poziom pierwszy. Praca z grafiką i tekstem,Paweł Zakrzewski,https://static01.helion.com.pl/global/okladki/145x218/adoind.png,"https://helion.pl/ksiazki/adobe-indesign-cc-kurs-video-poziom-pierwszy-praca-z-grafika-i-tekstem-pawel-zakrzewski,adoind.htm#format/w"," DTP "
49.00,9999,Adobe InDesign CC. Skład dokumentów elektronicznych. Kurs video,Paweł Zakrzewski,https://static01.helion.com.pl/global/okladki/145x218/vindp3.png,"https://helion.pl/ksiazki/adobe-indesign-cc-sklad-dokumentow-elektronicznych-kurs-video-pawel-zakrzewski,vindp3.htm#format/w"," DTP "
27.65,9999,Adobe InDesign CC. Kurs video. Poziom drugi. Automatyzacja pracy i zaawansowane techniki składu,Paweł Zakrzewski,https://static01.helion.com.pl/global/okladki/145x218/vincc2.png,"https://helion.pl/ksiazki/adobe-indesign-cc-kurs-video-poziom-drugi-automatyzacja-pracy-i-zaawansowane-techniki-skladu-pawel-zakrzewski,vincc2.htm#format/w"," DTP "
62.10,9999,Adobe Premiere Pro. Kurs video. Poziom pierwszy. Najważniejsze techniki montażu video,Bartosz Bartczak,https://static01.helion.com.pl/global/okladki/145x218/prepop.png,"https://helion.pl/ksiazki/adobe-premiere-pro-kurs-video-poziom-pierwszy-najwazniejsze-techniki-montazu-video-bartosz-bartczak,prepop.htm#format/w"," Digital Lifestyle "
71.10,9999,Pokonaj stres. Kurs video. Jak zadbać o odporność psychiczną w obecnej i każdej trudnej sytuacji,Andrzej Niemczyk,https://static01.helion.com.pl/global/okladki/145x218/vrastr.png,"https://helion.pl/ksiazki/pokonaj-stres-kurs-video-jak-zadbac-o-odpornosc-psychiczna-w-obecnej-i-kazdej-trudnej-sytuacji-andrzej-niemczyk,vrastr.htm#format/w"," Digital Lifestyle "
49.00,9999,Skuteczny szef. Kurs video. Jak wspierać podwładnych i utrzymać ich efektywność w trudnych sytuacjach,Andrzej Niemczyk,https://static01.helion.com.pl/global/okladki/145x218/vwsppo.png,"https://helion.pl/ksiazki/skuteczny-szef-kurs-video-jak-wspierac-podwladnych-i-utrzymac-ich-efektywnosc-w-trudnych-sytuacjac-andrzej-niemczyk,vwsppo.htm#format/w"," Digital Lifestyle "
49.00,9999,Arduino. Kurs video. Poziom pierwszy. Podstawowe techniki dla własnych projektów elektronicznych,Paweł Matyszok,https://static01.helion.com.pl/global/okladki/145x218/arduin.png,"https://helion.pl/ksiazki/arduino-kurs-video-poziom-pierwszy-podstawowe-techniki-dla-wlasnych-projektow-elektronicznych-pawel-matyszok,arduin.htm#format/w"," Elektronika "
19.00,9999,Światło w fotografii. Warsztaty ze Scottem Kelby. Kurs video,Scott Kelby,https://static01.helion.com.pl/global/okladki/145x218/vsfwar.png,"https://helion.pl/ksiazki/swiatlo-w-fotografii-warsztaty-ze-scottem-kelby-kurs-video-scott-kelby,vsfwar.htm#format/w"," Fotografia cyfrowa "
19.00,9999,Oświetlenie portretowe. Warsztaty ze Scottem Kelbym. Kurs video,Scott Kelby,https://static01.helion.com.pl/global/okladki/145x218/voswpo.png,"https://helion.pl/ksiazki/oswietlenie-portretowe-warsztaty-ze-scottem-kelbym-kurs-video-scott-kelby,voswpo.htm#format/w"," Fotografia cyfrowa "
29.00,9999,Adobe Photoshop Lightroom 5. Kurs video. Poziom pierwszy. Sekrety cyfrowej edycji i obróbki zdjęć,Rafał Różalski,https://static01.helion.com.pl/global/okladki/145x218/vpcsl5.png,"https://helion.pl/ksiazki/adobe-photoshop-lightroom-5-kurs-video-poziom-pierwszy-sekrety-cyfrowej-edycji-i-obrobki-zdjec-rafal-rozalski,vpcsl5.htm#format/w"," Fotografia cyfrowa ; Grafika komputerowa "
24.15,9999,Adobe Photoshop CC. Kurs video. Poziom drugi. Zaawansowane techniki i triki dla każdego,Andrzej Günther,https://static01.helion.com.pl/global/okladki/145x218/phccz2.png,"https://helion.pl/ksiazki/adobe-photoshop-cc-kurs-video-poziom-drugi-zaawansowane-techniki-i-triki-dla-kazdego-andrzej-gunther,phccz2.htm#format/w"," Fotografia cyfrowa ; Grafika komputerowa "
24.15,9999,Adobe Photoshop CS6. Kurs video. Kreatywne efekty w fotografii ślubnej,Franciszek Gołębiowski,https://static01.helion.com.pl/global/okladki/145x218/phfots.png,"https://helion.pl/ksiazki/adobe-photoshop-cs6-kurs-video-kreatywne-efekty-w-fotografii-slubnej-franciszek-golebiowski,phfots.htm#format/w"," Fotografia cyfrowa ; Grafika komputerowa "
20.65,9999,Adobe Photoshop CC 2014. Kurs video. Poziom pierwszy. Najlepsze techniki obróbki obrazów,Aleksandra Tomaszewska,https://static01.helion.com.pl/global/okladki/145x218/photop.png,"https://helion.pl/ksiazki/adobe-photoshop-cc-2014-kurs-video-poziom-pierwszy-najlepsze-techniki-obrobki-obrazow-aleksandra-tomaszewska,photop.htm#format/w"," Fotografia cyfrowa ; Grafika komputerowa "
62.10,9999,GIMP 2.10. Kurs video. Obróbka fotografii i tworzenie grafik,Jarosław Baca,https://static01.helion.com.pl/global/okladki/145x218/vgi210.png,"https://helion.pl/ksiazki/gimp-2-10-kurs-video-obrobka-fotografii-i-tworzenie-grafik-jaroslaw-baca,vgi210.htm#format/w"," Grafika komputerowa "
62.10,9999,Adobe Illustrator. Kurs video. Poziom pierwszy. Projektowanie grafiki wektorowej,Marcin Strzempkowski,https://static01.helion.com.pl/global/okladki/145x218/illusp.png,"https://helion.pl/ksiazki/adobe-illustrator-kurs-video-poziom-pierwszy-projektowanie-grafiki-wektorowej-marcin-strzempkowski,illusp.htm#format/w"," Grafika komputerowa "
62.10,9999,"Blender 2.71. Kurs video. Poziom pierwszy. Modelowanie w 3D, animacja i renderowanie",Marcin Strzempkowski,https://static01.helion.com.pl/global/okladki/145x218/blendp.png,"https://helion.pl/ksiazki/blender-2-71-kurs-video-poziom-pierwszy-modelowanie-w-3d-animacja-i-renderowanie-marcin-strzempkowski,blendp.htm#format/w"," Grafika komputerowa "
29.00,9999,CorelDRAW X7. Kurs video. Poziom pierwszy. Techniki i narzędzia pracy grafika komputerowego,Monika Popiołkiewicz,https://static01.helion.com.pl/global/okladki/145x218/vcdx71.png,"https://helion.pl/ksiazki/coreldraw-x7-kurs-video-poziom-pierwszy-techniki-i-narzedzia-pracy-grafika-komputerowego-monika-popiolkiewicz,vcdx71.htm#format/w"," Grafika komputerowa "
19.00,9999,CorelDRAW X7. Kurs video. Sztuczki i gotowe rozwiązania,Monika Popiołkiewicz,https://static01.helion.com.pl/global/okladki/145x218/vcdrx7.png,"https://helion.pl/ksiazki/coreldraw-x7-kurs-video-sztuczki-i-gotowe-rozwiazania-monika-popiolkiewicz,vcdrx7.htm#format/w"," Grafika komputerowa "
71.10,9999,SketchUp 2015. Kurs video. Poziom pierwszy. Podstawy modelowania 3D - dom i wnętrze,Dominik Gawroński,https://static01.helion.com.pl/global/okladki/145x218/vgoske.png,"https://helion.pl/ksiazki/sketchup-2015-kurs-video-poziom-pierwszy-podstawy-modelowania-3d-dom-i-wnetrze-dominik-gawronski,vgoske.htm#format/w"," Grafika komputerowa "
29.00,9999,Gimp. Kurs video. Poziom pierwszy. Podstawy tworzenia projektów,Jarosław Baca,https://static01.helion.com.pl/global/okladki/145x218/gimp1p.png,"https://helion.pl/ksiazki/gimp-kurs-video-poziom-pierwszy-podstawy-tworzenia-projektow-jaroslaw-baca,gimp1p.htm#format/w"," Grafika komputerowa "
27.65,9999,"3ds Max 2015. Kurs video. Poziom pierwszy. Modelowanie 3D, oświetlenie i renderowanie",Konrad Ożóg,https://static01.helion.com.pl/global/okladki/145x218/3dmaxz.png,"https://helion.pl/ksiazki/3ds-max-2015-kurs-video-poziom-pierwszy-modelowanie-3d-oswietlenie-i-renderowanie-konrad-ozog,3dmaxz.htm#format/w"," Grafika komputerowa "
27.65,9999,"3ds Max 2015. Kurs video. Poziom drugi. Modelowanie zaawansowane, ustawienia renderingu, materiały i tekstury",Konrad Ożóg,https://static01.helion.com.pl/global/okladki/145x218/3dsm2v.png,"https://helion.pl/ksiazki/3ds-max-2015-kurs-video-poziom-drugi-modelowanie-zaawansowane-ustawienia-renderingu-materialy-i-konrad-ozog,3dsm2v.htm#format/w"," Grafika komputerowa "
31.15,9999,"Cinema 4D R16. Kurs video. Poziom pierwszy. Modelowanie w 3D, animacja i renderowanie",Marcin Strzempkowski,https://static01.helion.com.pl/global/okladki/145x218/cin4dp.png,"https://helion.pl/ksiazki/cinema-4d-r16-kurs-video-poziom-pierwszy-modelowanie-w-3d-animacja-i-renderowanie-marcin-strzempkowski,cin4dp.htm#format/w"," Grafika komputerowa "
62.10,9999,Szachy w godzinę. Kurs video. Od zera do pierwszej partii szachów,Michał Kanarkiewicz,https://static01.helion.com.pl/global/okladki/145x218/vszach.png,"https://helion.pl/ksiazki/szachy-w-godzine-kurs-video-od-zera-do-pierwszej-partii-szachow-michal-kanarkiewicz,vszach.htm#format/w"," Gry "
29.00,9999,Unity dla dzieci. Stwórz własną grę 2D. Kurs video,Arkadiusz Brzegowy,https://static01.helion.com.pl/global/okladki/145x218/vunid2.png,"https://helion.pl/ksiazki/unity-dla-dzieci-stworz-wlasna-gre-2d-kurs-video-arkadiusz-brzegowy,vunid2.htm#format/w"," Gry ; Technologia dla dzieci "
62.10,9999,Twoja pierwsza gra 3D w Unity 2020. Kurs video. Od prototypu do gry Tower Defence,Arkadiusz Brzegowy,https://static01.helion.com.pl/global/okladki/145x218/vtpg3d.png,"https://helion.pl/ksiazki/twoja-pierwsza-gra-3d-w-unity-2020-kurs-video-od-prototypu-do-gry-tower-defence-arkadiusz-brzegowy,vtpg3d.htm#format/w"," Gry ; Technologia dla dzieci "
29.00,9999,Unity. Kurs video. Poziom pierwszy. Tworzenie gier komputerowych 3D,Arkadiusz Brzegowy,https://static01.helion.com.pl/global/okladki/145x218/uni3dp.png,"https://helion.pl/ksiazki/unity-kurs-video-poziom-pierwszy-tworzenie-gier-komputerowych-3d-arkadiusz-brzegowy,uni3dp.htm#format/w"," Gry "
29.00,9999,Unity 2019. Kurs wideo. Wyścigi 2D - ostatnie szlify,Arkadiusz Brzegowy,https://static01.helion.com.pl/global/okladki/145x218/vuniwy.png,"https://helion.pl/ksiazki/unity-2019-kurs-wideo-wyscigi-2d-ostatnie-szlify-arkadiusz-brzegowy,vuniwy.htm#format/w"," Gry "
29.00,9999,Unreal Engine 4. Kurs video. Tworzenie gry Tower Defense dla początkujących,Karol Gaida,https://static01.helion.com.pl/global/okladki/145x218/vunen4.png,"https://helion.pl/ksiazki/unreal-engine-4-kurs-video-tworzenie-gry-tower-defense-dla-poczatkujacych-karol-gaida,vunen4.htm#format/w"," Gry "
29.00,9999,Unity. Kurs video. Poziom drugi. Tworzenie gier komputerowych 3D,Arkadiusz Brzegowy,https://static01.helion.com.pl/global/okladki/145x218/unit2v.png,"https://helion.pl/ksiazki/unity-kurs-video-poziom-drugi-tworzenie-gier-komputerowych-3d-arkadiusz-brzegowy,unit2v.htm#format/w"," Gry "
29.00,9999,Unity. Kurs video. Tworzenie gry 2D,Arkadiusz Brzegowy,https://static01.helion.com.pl/global/okladki/145x218/vunity.png,"https://helion.pl/ksiazki/unity-kurs-video-tworzenie-gry-2d-arkadiusz-brzegowy,vunity.htm#format/w"," Gry "
29.00,9999,Unity 2019. Kurs video. Wyścigi 2D - rozbudowa gry,Arkadiusz Brzegowy,https://static01.helion.com.pl/global/okladki/145x218/vun19w.png,"https://helion.pl/ksiazki/unity-2019-kurs-video-wyscigi-2d-rozbudowa-gry-arkadiusz-brzegowy,vun19w.htm#format/w"," Gry "
29.00,9999,Tworzenie gier multiplayer dla programistów Unity. Poziom pierwszy. Kurs video,Arkadiusz Brzegowy,https://static01.helion.com.pl/global/okladki/145x218/vunit1.png,"https://helion.pl/ksiazki/tworzenie-gier-multiplayer-dla-programistow-unity-poziom-pierwszy-kurs-video-arkadiusz-brzegowy,vunit1.htm#format/w"," Gry "
19.00,9999,Unity. Publikacja gry w AppStore i Windows Store. Kurs video,Arkadiusz Brzegowy,https://static01.helion.com.pl/global/okladki/145x218/vunpub.png,"https://helion.pl/ksiazki/unity-publikacja-gry-w-appstore-i-windows-store-kurs-video-arkadiusz-brzegowy,vunpub.htm#format/w"," Gry "
29.00,9999,Unity. Kurs video. Poziom trzeci. Tworzenie gry 2D i publikacja w Google Play,Arkadiusz Brzegowy,https://static01.helion.com.pl/global/okladki/145x218/vunit3.png,"https://helion.pl/ksiazki/unity-kurs-video-poziom-trzeci-tworzenie-gry-2d-i-publikacja-w-google-play-arkadiusz-brzegowy,vunit3.htm#format/w"," Gry ; Technologia dla dzieci "
29.00,9999,"Gry Unity i Facebook. Efektywna integracja, budowanie zasięgu i popularności. Kurs video",Arkadiusz Brzegowy,https://static01.helion.com.pl/global/okladki/145x218/vgryuf.png,"https://helion.pl/ksiazki/gry-unity-i-facebook-efektywna-integracja-budowanie-zasiegu-i-popularnosci-kurs-video-arkadiusz-brzegowy,vgryuf.htm#format/w"," Gry "
29.00,9999,Unity. Kurs video. Poziom drugi. Tworzenie gry 2D,Arkadiusz Brzegowy,https://static01.helion.com.pl/global/okladki/145x218/vunip2.png,"https://helion.pl/ksiazki/unity-kurs-video-poziom-drugi-tworzenie-gry-2d-arkadiusz-brzegowy,vunip2.htm#format/w"," Gry "
29.00,9999,Unity dla dzieci. Zabawa w programowanie gier. Kurs video. Poziom pierwszy,Arkadiusz Brzegowy,https://static01.helion.com.pl/global/okladki/145x218/vunidz.png,"https://helion.pl/ksiazki/unity-dla-dzieci-zabawa-w-programowanie-gier-kurs-video-poziom-pierwszy-arkadiusz-brzegowy,vunidz.htm#format/w"," Gry ; Technologia dla dzieci "
29.00,9999,Unity 2019. Kurs video. Wyścigi 2D - budujemy prototyp,Arkadiusz Brzegowy,https://static01.helion.com.pl/global/okladki/145x218/vuni19.png,"https://helion.pl/ksiazki/unity-2019-kurs-video-wyscigi-2d-budujemy-prototyp-arkadiusz-brzegowy,vuni19.htm#format/w"," Gry "
29.00,9999,Unity. Kurs video. Od programisty do twórcy gier RPG,Arkadiusz Brzegowy,https://static01.helion.com.pl/global/okladki/145x218/vurpg.png,"https://helion.pl/ksiazki/unity-kurs-video-od-programisty-do-tworcy-gier-rpg-arkadiusz-brzegowy,vurpg.htm#format/w"," Gry "
12.21,9999,"Unity. Kurs video. 10 gotowych rozwiązań, które przydadzą się w każdej grze",Arkadiusz Brzegowy,https://static01.helion.com.pl/global/okladki/145x218/vungot.png,"https://helion.pl/ksiazki/unity-kurs-video-10-gotowych-rozwiazan-ktore-przydadza-sie-w-kazdej-grze-arkadiusz-brzegowy,vungot.htm#format/w"," Gry "
19.00,9999,Unity. Sztuczki przyspieszające pracę w edytorze. Kurs video,Arkadiusz Brzegowy,https://static01.helion.com.pl/global/okladki/145x218/vunisz.png,"https://helion.pl/ksiazki/unity-sztuczki-przyspieszajace-prace-w-edytorze-kurs-video-arkadiusz-brzegowy,vunisz.htm#format/w"," Gry "
24.15,9999,Twoja pierwsza gra 3D w Unity 2020. Kurs video. Przenieś grę na URP!,Arkadiusz Brzegowy,https://static01.helion.com.pl/global/okladki/145x218/vtpgu3.png,"https://helion.pl/ksiazki/twoja-pierwsza-gra-3d-w-unity-2020-kurs-video-przenies-gre-na-urp-arkadiusz-brzegowy,vtpgu3.htm#format/w"," Gry "
29.00,9999,Twoja pierwsza gra 3D w Unity 2020. Kurs video. Tower Defence - prototyp od podstaw,Arkadiusz Brzegowy,https://static01.helion.com.pl/global/okladki/145x218/vun3d1.png,"https://helion.pl/ksiazki/twoja-pierwsza-gra-3d-w-unity-2020-kurs-video-tower-defence-prototyp-od-podstaw-arkadiusz-brzegowy,vun3d1.htm#format/w"," Gry "
12.21,9999,Zagraj z nami w Minecraft. Kurs video. Pierwsze kroki,Bartosz Danowski,https://static01.helion.com.pl/global/okladki/145x218/vzamin.png,"https://helion.pl/ksiazki/zagraj-z-nami-w-minecraft-kurs-video-pierwsze-kroki-bartosz-danowski-jakub-danowski,vzamin.htm#format/w"," Gry ; Technologia dla dzieci "
89.00,9999,Poradnik hakera. Kurs video. Inżynieria odwrotna plików binarnych,Marcin Gomulak,https://static01.helion.com.pl/global/okladki/145x218/vporha.png,"https://helion.pl/ksiazki/poradnik-hakera-kurs-video-inzynieria-odwrotna-plikow-binarnych-marcin-gomulak,vporha.htm#format/w"," Hacking "
684.00,9999,Bezpieczeństwo sieci Cisco. Przygotowanie do egzaminu CCNA Security 210-260. Kurs video,Adam Józefiok,https://static01.helion.com.pl/global/okladki/145x218/vcisse.png,"https://helion.pl/ksiazki/bezpieczenstwo-sieci-cisco-przygotowanie-do-egzaminu-ccna-security-210-260-kurs-video-adam-jozefiok,vcisse.htm#format/w"," Hacking ; Sieci komputerowe "
49.00,9999,Raspberry Pi. Kurs video. Praktyczne zastosowanie popularnej maliny,Łukasz Kaźmierczak,https://static01.helion.com.pl/global/okladki/145x218/praspi.png,"https://helion.pl/ksiazki/raspberry-pi-kurs-video-praktyczne-zastosowanie-popularnej-maliny-lukasz-kazmierczak,praspi.htm#format/w"," Hardware "
39.60,9999,Bash. Kurs video. Zostań administratorem systemów IT,Piotr Kośka,https://static01.helion.com.pl/global/okladki/145x218/vbashv.png,"https://helion.pl/ksiazki/bash-kurs-video-zostan-administratorem-systemow-it-piotr-koska-piotr-tenyszyn,vbashv.htm#format/w"," Programowanie mobilne ; Systemy operacyjne "
62.10,9999,Android Studio. Kurs video. Programowanie aplikacji na urządzenia mobilne,Paweł Gajda,https://static01.helion.com.pl/global/okladki/145x218/andstu.png,"https://helion.pl/ksiazki/android-studio-kurs-video-programowanie-aplikacji-na-urzadzenia-mobilne-pawel-gajda,andstu.htm#format/w"," Programowanie mobilne "
29.00,9999,Android. Techniki efektywnej pracy. Kurs video. Poziom pierwszy. Skróty klawiszowe i biblioteki,Dawid Firuzek,https://static01.helion.com.pl/global/okladki/145x218/vsband.png,"https://helion.pl/ksiazki/android-techniki-efektywnej-pracy-kurs-video-poziom-pierwszy-skroty-klawiszowe-i-biblioteki-dawid-firuzek,vsband.htm#format/w"," Programowanie mobilne "
49.00,9999,Android. Kurs video. Poziom drugi. Zaawansowane programowanie aplikacji,Michał Szczepanik,https://static01.helion.com.pl/global/okladki/145x218/vtaan2.png,"https://helion.pl/ksiazki/android-kurs-video-poziom-drugi-zaawansowane-programowanie-aplikacji-michal-szczepanik,vtaan2.htm#format/w"," Programowanie mobilne "
29.00,9999,Kotlin w praktyce. Kurs video. Tworzenie aplikacji webowych za pomocą Spring Boota,"Radosław Słowiński ",https://static01.helion.com.pl/global/okladki/145x218/vtawsb.png,"https://helion.pl/ksiazki/kotlin-w-praktyce-kurs-video-tworzenie-aplikacji-webowych-za-pomoca-spring-boota-radoslaw-slowinski,vtawsb.htm#format/w"," Programowanie mobilne "
34.65,9999,"Programowanie aplikacji mobilnych dla iOS z wykorzystaniem Xcode, Swift 3.0 i iOS 10 SDK. Kurs video. Poziom pierwszy",Dawid Borycki,https://static01.helion.com.pl/global/okladki/145x218/vios10.png,"https://helion.pl/ksiazki/programowanie-aplikacji-mobilnych-dla-ios-z-wykorzystaniem-xcode-swift-3-0-i-ios-10-sdk-kurs-video-dawid-borycki,vios10.htm#format/w"," Programowanie mobilne "
39.90,9999,Apache Kafka. Kurs video. Wstęp do strumieniowego przetwarzania danych,Marcin Berendt,https://static01.helion.com.pl/global/okladki/145x218/vkafka.png,"https://helion.pl/ksiazki/apache-kafka-kurs-video-wstep-do-strumieniowego-przetwarzania-danych-marcin-berendt,vkafka.htm#format/w"," Serwery internetowe "
89.00,9999,Mikrotik. Kurs video. Przygotowanie do egzaminu MTCRE,Jacek Mielnik,https://static01.helion.com.pl/global/okladki/145x218/vmikti.png,"https://helion.pl/ksiazki/mikrotik-kurs-video-przygotowanie-do-egzaminu-mtcre-jacek-mielnik,vmikti.htm#format/w"," Sieci komputerowe "
49.00,9999,MikroTik. Kurs video. Przygotowanie do egzaminu MTCNA,Jacek Mielnik,https://static01.helion.com.pl/global/okladki/145x218/vmikro.png,"https://helion.pl/ksiazki/mikrotik-kurs-video-przygotowanie-do-egzaminu-mtcna-jacek-mielnik,vmikro.htm#format/w"," Sieci komputerowe "
71.10,9999,MikroTik na start. Kurs video. Podstawy konfiguracji routera,Jacek Mielnik,https://static01.helion.com.pl/global/okladki/145x218/vmikst.png,"https://helion.pl/ksiazki/mikrotik-na-start-kurs-video-podstawy-konfiguracji-routera-jacek-mielnik,vmikst.htm#format/w"," Sieci komputerowe "
711.00,9999,Cisco CCNA 200-301. Kurs video. Administrowanie urządzeniami Cisco. Część 2,Adam Józefiok,https://static01.helion.com.pl/global/okladki/145x218/vcccau.png,"https://helion.pl/ksiazki/cisco-ccna-200-301-kurs-video-administrowanie-urzadzeniami-cisco-czesc-2-adam-jozefiok,vcccau.htm#format/w"," Sieci komputerowe "
711.00,9999,Cisco CCNA 200-301. Kurs video. Podstawy sieci komputerowych i konfiguracji. Część 1,Adam Józefiok,https://static01.helion.com.pl/global/okladki/145x218/vcccpo.png,"https://helion.pl/ksiazki/cisco-ccna-200-301-kurs-video-podstawy-sieci-komputerowych-i-konfiguracji-czesc-1-adam-jozefiok,vcccpo.htm#format/w"," Sieci komputerowe "
711.00,9999,Cisco CCNA 200-301. Kurs video. Administrowanie bezpieczeństwem sieci. Część 3,Adam Józefiok,https://static01.helion.com.pl/global/okladki/145x218/vcccab.png,"https://helion.pl/ksiazki/cisco-ccna-200-301-kurs-video-administrowanie-bezpieczenstwem-sieci-czesc-3-adam-jozefiok,vcccab.htm#format/w"," Sieci komputerowe "
684.00,9999,Administrowanie sieciami Cisco. Kurs video. Przygotowanie do egzaminu CCNA/ICND2 200-105,Adam Józefiok,https://static01.helion.com.pl/global/okladki/145x218/vadcis.png,"https://helion.pl/ksiazki/administrowanie-sieciami-cisco-kurs-video-przygotowanie-do-egzaminu-ccna-icnd2-200-105-adam-jozefiok,vadcis.htm#format/w"," Sieci komputerowe "
684.00,9999,Administrowanie sieciami Cisco. Kurs video. Przygotowanie do egzaminu CCNA/ICND1 100-105,Adam Józefiok,https://static01.helion.com.pl/global/okladki/145x218/vascis.png,"https://helion.pl/ksiazki/administrowanie-sieciami-cisco-kurs-video-przygotowanie-do-egzaminu-ccna-icnd1-100-105-adam-jozefiok,vascis.htm#format/w"," Sieci komputerowe "
76.05,9999,Bash. Techniki zaawansowane. Kurs video. Zostań administratorem systemów IT,Piotr Kośka,https://static01.helion.com.pl/global/okladki/145x218/vbashz.png,"https://helion.pl/ksiazki/bash-techniki-zaawansowane-kurs-video-zostan-administratorem-systemow-it-piotr-koska,vbashz.htm#format/w"," Systemy operacyjne "
49.00,9999,Microsoft Windows Server 2019. Kurs video. Zostań administratorem sieci,Jacek Mielnik,https://static01.helion.com.pl/global/okladki/145x218/vwis19.png,"https://helion.pl/ksiazki/microsoft-windows-server-2019-kurs-video-zostan-administratorem-sieci-jacek-mielnik,vwis19.htm#format/w"," Systemy operacyjne "
31.05,9999,Linux. Kurs video. Wprowadzenie do pracy z konsolą,Piotr Chudzik,https://static01.helion.com.pl/global/okladki/145x218/vlinko.png,"https://helion.pl/ksiazki/linux-kurs-video-wprowadzenie-do-pracy-z-konsola-piotr-chudzik,vlinko.htm#format/w"," Systemy operacyjne "
49.00,9999,Microsoft Windows Server 2019. Kurs video. Nowoczesne administrowanie siecią,Jacek Mielnik,https://static01.helion.com.pl/global/okladki/145x218/vws19z.png,"https://helion.pl/ksiazki/microsoft-windows-server-2019-kurs-video-nowoczesne-administrowanie-siecia-jacek-mielnik,vws19z.htm#format/w"," Systemy operacyjne "
49.00,9999,Ubuntu 20.04. Kurs video. Zostań administratorem systemów IT,Piotr Kośka,https://static01.helion.com.pl/global/okladki/145x218/vubun2.png,"https://helion.pl/ksiazki/ubuntu-20-04-kurs-video-zostan-administratorem-systemow-it-piotr-koska,vubun2.htm#format/w"," Systemy operacyjne "
19.60,9999,Linux. Kurs video. Komendy i polecenia,Daniel Deres,https://static01.helion.com.pl/global/okladki/145x218/vlinkp.png,"https://helion.pl/ksiazki/linux-kurs-video-komendy-i-polecenia-daniel-deres,vlinkp.htm#format/w"," Systemy operacyjne "
31.05,9999,"Linux DevOps. Kurs video. Jenkins, Ansible, Terraform i Traefik",Adam Raźniewski,https://static01.helion.com.pl/global/okladki/145x218/vlised.png,"https://helion.pl/ksiazki/linux-devops-kurs-video-jenkins-ansible-terraform-i-traefik-adam-razniewski,vlised.htm#format/w"," Systemy operacyjne "
15.96,9999,Administracja systemem Linux. Kurs video. Przewodnik dla początkujących,Adrian Kubala,https://static01.helion.com.pl/global/okladki/145x218/vadlin.png,"https://helion.pl/ksiazki/administracja-systemem-linux-kurs-video-przewodnik-dla-poczatkujacych-adrian-kubala,vadlin.htm#format/w"," Systemy operacyjne "
29.00,9999,Windows 10. Kurs video. Krok po kroku,Bartosz Danowski,https://static01.helion.com.pl/global/okladki/145x218/vwin10.png,"https://helion.pl/ksiazki/windows-10-kurs-video-krok-po-kroku-bartosz-danowski,vwin10.htm#format/w"," Systemy operacyjne "
9.00,9999,Mały szachista. Kurs video. Poziom pierwszy. Nauka gry w szachy dla dzieci,Wiktor Lech,https://static01.helion.com.pl/global/okladki/145x218/vmasza.png,"https://helion.pl/ksiazki/maly-szachista-kurs-video-poziom-pierwszy-nauka-gry-w-szachy-dla-dzieci-wiktor-lech,vmasza.htm#format/w"," Technologia dla dzieci "
